nodeid,baseline_outcome,final_outcome,failure_set_change,root_cause,affects_our_drawio_workflow,evidence,final_note
tests/test_symbol_invariants.py::test_port_faces_lie_on_drawn_geometry[airlift/default],FAILED,failed,retained,airlift_open_mouth,no,"Airlift liquid_in=(22.5,60) is centred between riser walls x=17.5/27.5; discharge=(45,12) is between y=7/17. These open mouths intentionally put fluid ports off wall ink, like the existing pump/compressor exemptions. Moving a fluid port onto a wall would be wrong.",
tests/test_symbol_invariants.py::test_ports_lie_on_drawn_geometry[airlift/default],FAILED,failed,retained,airlift_open_mouth,no,"Airlift liquid_in=(22.5,60) is centred between riser walls x=17.5/27.5; discharge=(45,12) is between y=7/17. These open mouths intentionally put fluid ports off wall ink, like the existing pump/compressor exemptions. Moving a fluid port onto a wall would be wrong.",
tests/test_argument_contract.py::test_an_argument_that_is_accepted_is_capable_of_changing_something[spec:balloon:area],FAILED,passed,removed,balloon_area,yes,The reader now forwards area. add_balloon permits corroborating the element area and rejects changing only one mark of a shared instrument identity; applies to magnetic FIT assemblies.,
tests/test_tee.py::test_the_junction_is_the_only_symbol_drawn_as_bare_pipe,FAILED,failed,retained,bare_pipe_inventory,no,Both tee/default and junction/default legitimately carry bare_run. House Junction must stay bare pipe for BFD/PFD/P&ID connectivity; removing that behavior would be wrong.,
tests/test_block.py::test_a_spec_refuses_connection_faces_on_anything_but_a_block_a_tank_or_a_vessel,FAILED,failed,retained,block_error_wording,no,Pump(inputs=2) is correctly rejected; the message now truthfully includes Junction and ConcreteBasin. Restoring the old owner list would make the diagnostic incomplete.,
tests/test_symbol_invariants.py::test_port_faces_lie_on_drawn_geometry[blower/gas],FAILED,passed,removed,blower_port,yes,vendor_data/drawio/pumps.xml Gas Blower mouth is y=0..19.75 at x=0; old suction y=35 is blank. The corrected midpoint y=9.875 is used by native constraints as well as SVG.,
tests/test_symbol_invariants.py::test_ports_lie_on_drawn_geometry[blower/gas],FAILED,passed,removed,blower_port,yes,vendor_data/drawio/pumps.xml Gas Blower mouth is y=0..19.75 at x=0; old suction y=35 is blank. The corrected midpoint y=9.875 is used by native constraints as well as SVG.,
tests/test_argument_contract.py::test_every_public_entry_point_is_exercised_or_declared_out_of_reach,FAILED,passed,removed,contain_coverage,no,"This is coverage bookkeeping, not failed runtime containment. Added a real containment call to the harness because basin internals are part of the process workflow; no unexercised exemption was added.",
tests/test_devices.py::test_the_pages_quote_the_registry_they_are_describing,FAILED,failed,retained,device_docs,no,docs/api.md owner table lacks the 17 additions and README says 229 against 246 registered symbols. These documentation assertions do not execute the native writer.,
tests/test_devices.py::test_the_variants_table_gives_every_drawing_exactly_one_owner,FAILED,failed,retained,device_docs,no,docs/api.md owner table lacks the 17 additions and README says 229 against 246 registered symbols. These documentation assertions do not execute the native writer.,
tests/test_devices.py::test_every_registered_symbol_is_claimed_exactly_once,FAILED,failed,retained,device_generator_claims,no,"scripts/gen_devices.py claims gate fails before generation; runtime units, spec and discovery use the registered symbols directly. No drawing is missing from the runtime catalogue. Deferred generator bookkeeping.",
tests/test_devices.py::test_the_committed_module_matches_the_generator,FAILED,failed,retained,device_generator_claims,no,"scripts/gen_devices.py claims gate fails before generation; runtime units, spec and discovery use the registered symbols directly. No drawing is missing from the runtime catalogue. Deferred generator bookkeeping.",
tests/test_symbol_invariants.py::test_a_symbol_redrawn_at_a_new_size_draws_the_ink_it_was_drawn_from[junction/default-0.4x1.7],FAILED,failed,retained,junction_bake,no,"_uneven detects only declared strokes, so the SVG filled dot is not baked. Native Junction rendering uses mxGraph primitives and never calls _baked.",
tests/test_symbol_invariants.py::test_a_symbol_redrawn_at_a_new_size_draws_the_ink_it_was_drawn_from[junction/default-1.0x2.5],FAILED,failed,retained,junction_bake,no,"_uneven detects only declared strokes, so the SVG filled dot is not baked. Native Junction rendering uses mxGraph primitives and never calls _baked.",
tests/test_symbol_invariants.py::test_a_symbol_redrawn_at_a_new_size_draws_the_ink_it_was_drawn_from[junction/default-2.0x1.0],FAILED,failed,retained,junction_bake,no,"_uneven detects only declared strokes, so the SVG filled dot is not baked. Native Junction rendering uses mxGraph primitives and never calls _baked.",
tests/test_symbol_invariants.py::test_a_symbol_redrawn_at_a_new_size_draws_the_ink_it_was_drawn_from[junction/default-3.0x0.5],FAILED,failed,retained,junction_bake,no,"_uneven detects only declared strokes, so the SVG filled dot is not baked. Native Junction rendering uses mxGraph primitives and never calls _baked.",
tests/test_line_weight.py::test_every_symbol_declares_a_pen_centred_on_the_sheet_weight,FAILED,failed,retained,junction_stroke,no,"The marker is a solid fill, so universal stroked-symbol assertions reject it. Native drawio._shape emits its own ellipse/header with explicit strokeWidth and fill.",
tests/test_symbol_invariants.py::test_svg_is_well_formed_and_declares_stroke_width[junction/default],FAILED,failed,retained,junction_stroke,no,"The marker is a solid fill, so universal stroked-symbol assertions reject it. Native drawio._shape emits its own ellipse/header with explicit strokeWidth and fill.",
tests/test_titleblock.py::test_every_registered_kind_names_itself,FAILED,passed,removed,kind_labels,no,The failure checks vocabulary completeness. document._describe already produced readable fallback names for the three house equipment kinds; geometry was unaffected. Added explicit labels and Pipe Junction for explicitly included schedule rows as a small catalogue repair.,
tests/test_port_annotations.py::test_a_family_only_excuses_a_numbered_nozzle[BasinAgitator],FAILED,passed,removed,port_annotations,no,"Port annotations serve editors and static checkers; templates and the native writer use actual unit.ports/family attributes, which already existed. Fixed the missing Port/family declarations and explicit ConcreteBasin test inventory as a small authoring-contract repair; no runtime nozzle identity was changed.",
tests/test_port_annotations.py::test_a_family_only_excuses_a_numbered_nozzle[SubmersibleMixer],FAILED,passed,removed,port_annotations,no,"Port annotations serve editors and static checkers; templates and the native writer use actual unit.ports/family attributes, which already existed. Fixed the missing Port/family declarations and explicit ConcreteBasin test inventory as a small authoring-contract repair; no runtime nozzle identity was changed.",
tests/test_port_annotations.py::test_every_port_built_is_annotated[BasinAgitator],FAILED,passed,removed,port_annotations,no,"Port annotations serve editors and static checkers; templates and the native writer use actual unit.ports/family attributes, which already existed. Fixed the missing Port/family declarations and explicit ConcreteBasin test inventory as a small authoring-contract repair; no runtime nozzle identity was changed.",
tests/test_port_annotations.py::test_every_port_built_is_annotated[ConcreteBasin],FAILED,passed,removed,port_annotations,no,"Port annotations serve editors and static checkers; templates and the native writer use actual unit.ports/family attributes, which already existed. Fixed the missing Port/family declarations and explicit ConcreteBasin test inventory as a small authoring-contract repair; no runtime nozzle identity was changed.",
tests/test_port_annotations.py::test_every_port_built_is_annotated[SubmersibleMixer],FAILED,passed,removed,port_annotations,no,"Port annotations serve editors and static checkers; templates and the native writer use actual unit.ports/family attributes, which already existed. Fixed the missing Port/family declarations and explicit ConcreteBasin test inventory as a small authoring-contract repair; no runtime nozzle identity was changed.",
tests/test_show.py::test_the_window_draws_the_sheet_scaled_to_the_window,FAILED,failed,retained,preview_dependency,no,"test_show invokes pandid SVG-to-PNG preview, not native draw.io Desktop PDF export. No package install was authorized.",
tests/test_route_invariants.py::test_route_endpoints_sit_on_their_ports[03_distillation_train],FAILED,passed,removed,route_anchor_contract,yes,"square_micro_jogs, protect and crossing repair share routes with draw.io. port_anchor is the box boundary; port_point is the nozzle. Fix preserves both. Original 4-10 px discrepancies were not proof of visible gaps: native edges already attach to port_point.",
tests/test_route_invariants.py::test_route_endpoints_sit_on_their_ports[05_reactor_recycle],FAILED,passed,removed,route_anchor_contract,yes,"square_micro_jogs, protect and crossing repair share routes with draw.io. port_anchor is the box boundary; port_point is the nozzle. Fix preserves both. Original 4-10 px discrepancies were not proof of visible gaps: native edges already attach to port_point.",
tests/test_route_invariants.py::test_route_endpoints_sit_on_their_ports[06_column_reflux],FAILED,passed,removed,route_anchor_contract,yes,"square_micro_jogs, protect and crossing repair share routes with draw.io. port_anchor is the box boundary; port_point is the nozzle. Fix preserves both. Original 4-10 px discrepancies were not proof of visible gaps: native edges already attach to port_point.",
tests/test_route_invariants.py::test_route_endpoints_sit_on_their_ports[10_ethanol_pfd],FAILED,passed,removed,route_anchor_contract,yes,"square_micro_jogs, protect and crossing repair share routes with draw.io. port_anchor is the box boundary; port_point is the nozzle. Fix preserves both. Original 4-10 px discrepancies were not proof of visible gaps: native edges already attach to port_point.",
tests/test_route_invariants.py::test_route_endpoints_sit_on_their_ports[11_ethanol_pid],FAILED,passed,removed,route_anchor_contract,yes,"square_micro_jogs, protect and crossing repair share routes with draw.io. port_anchor is the box boundary; port_point is the nozzle. Fix preserves both. Original 4-10 px discrepancies were not proof of visible gaps: native edges already attach to port_point.",
tests/test_route_invariants.py::test_route_endpoints_sit_on_their_ports[13_mineral_dewatering],FAILED,passed,removed,route_anchor_contract,yes,"square_micro_jogs, protect and crossing repair share routes with draw.io. port_anchor is the box boundary; port_point is the nozzle. Fix preserves both. Original 4-10 px discrepancies were not proof of visible gaps: native edges already attach to port_point.",
tests/test_route_invariants.py::test_route_endpoints_sit_on_their_ports[14_tank_farm],FAILED,passed,removed,route_anchor_contract,yes,"square_micro_jogs, protect and crossing repair share routes with draw.io. port_anchor is the box boundary; port_point is the nozzle. Fix preserves both. Original 4-10 px discrepancies were not proof of visible gaps: native edges already attach to port_point.",
tests/test_route_invariants.py::test_route_endpoints_sit_on_their_ports[15_condensing_turbine],FAILED,passed,removed,route_anchor_contract,yes,"square_micro_jogs, protect and crossing repair share routes with draw.io. port_anchor is the box boundary; port_point is the nozzle. Fix preserves both. Original 4-10 px discrepancies were not proof of visible gaps: native edges already attach to port_point.",
tests/test_route_invariants.py::test_route_endpoints_sit_on_their_ports[16_demineralised_water],FAILED,passed,removed,route_anchor_contract,yes,"square_micro_jogs, protect and crossing repair share routes with draw.io. port_anchor is the box boundary; port_point is the nozzle. Fix preserves both. Original 4-10 px discrepancies were not proof of visible gaps: native edges already attach to port_point.",
tests/test_route_invariants.py::test_route_endpoints_sit_on_their_ports[18_fixed_bed_recycle],FAILED,passed,removed,route_anchor_contract,yes,"square_micro_jogs, protect and crossing repair share routes with draw.io. port_anchor is the box boundary; port_point is the nozzle. Fix preserves both. Original 4-10 px discrepancies were not proof of visible gaps: native edges already attach to port_point.",
tests/test_route_invariants.py::test_route_endpoints_sit_on_their_ports[19_absorber_stripper],FAILED,passed,removed,route_anchor_contract,yes,"square_micro_jogs, protect and crossing repair share routes with draw.io. port_anchor is the box boundary; port_point is the nozzle. Fix preserves both. Original 4-10 px discrepancies were not proof of visible gaps: native edges already attach to port_point.",
tests/test_route_invariants.py::test_route_endpoints_sit_on_their_ports[21_alumina_refinery],FAILED,passed,removed,route_anchor_contract,yes,"square_micro_jogs, protect and crossing repair share routes with draw.io. port_anchor is the box boundary; port_point is the nozzle. Fix preserves both. Original 4-10 px discrepancies were not proof of visible gaps: native edges already attach to port_point.",
tests/test_line_numbers.py::test_a_schedule_round_trips_through_a_spec,FAILED,passed,removed,stream_serialization,no,"The three failures compare exact spec dictionaries. Both old and corrected specs render main flow identically; the reader already accepts it. Omitting the redundant default restores the established minimal writer contract, while secondary remains explicit and still controls native line weight.",
tests/test_line_numbers.py::test_line_numbers_round_trip_through_a_spec,FAILED,passed,removed,stream_serialization,no,"The three failures compare exact spec dictionaries. Both old and corrected specs render main flow identically; the reader already accepts it. Omitting the redundant default restores the established minimal writer contract, while secondary remains explicit and still controls native line weight.",
tests/test_serialize.py::test_to_dict_captures_topology,FAILED,passed,removed,stream_serialization,no,"The three failures compare exact spec dictionaries. Both old and corrected specs render main flow identically; the reader already accepts it. Omitting the redundant default restores the established minimal writer contract, while secondary remains explicit and still controls native line weight.",
tests/test_gallery.py::test_the_committed_sheet_is_what_the_example_draws_today[03_distillation_train],FAILED,failed,retained,svg_fixtures,no,Six scenarios have identical pre-existing SVG byte comparisons failing across golden/example/gallery tests; version-bump normalization succeeds then hits the same stale 03 fixture. First differences are title positioning/width and page bounds. No committed fixture was regenerated.,
tests/test_gallery.py::test_the_committed_sheet_is_what_the_example_draws_today[08_from_data],FAILED,failed,retained,svg_fixtures,no,Six scenarios have identical pre-existing SVG byte comparisons failing across golden/example/gallery tests; version-bump normalization succeeds then hits the same stale 03 fixture. First differences are title positioning/width and page bounds. No committed fixture was regenerated.,
tests/test_gallery.py::test_the_committed_sheet_is_what_the_example_draws_today[09_line_numbers],FAILED,failed,retained,svg_fixtures,no,Six scenarios have identical pre-existing SVG byte comparisons failing across golden/example/gallery tests; version-bump normalization succeeds then hits the same stale 03 fixture. First differences are title positioning/width and page bounds. No committed fixture was regenerated.,
tests/test_gallery.py::test_the_committed_sheet_is_what_the_example_draws_today[15_condensing_turbine],FAILED,failed,retained,svg_fixtures,no,Six scenarios have identical pre-existing SVG byte comparisons failing across golden/example/gallery tests; version-bump normalization succeeds then hits the same stale 03 fixture. First differences are title positioning/width and page bounds. No committed fixture was regenerated.,
tests/test_gallery.py::test_the_committed_sheet_is_what_the_example_draws_today[18_fixed_bed_recycle],FAILED,failed,retained,svg_fixtures,no,Six scenarios have identical pre-existing SVG byte comparisons failing across golden/example/gallery tests; version-bump normalization succeeds then hits the same stale 03 fixture. First differences are title positioning/width and page bounds. No committed fixture was regenerated.,
tests/test_gallery.py::test_the_committed_sheet_is_what_the_example_draws_today[21_alumina_refinery],FAILED,failed,retained,svg_fixtures,no,Six scenarios have identical pre-existing SVG byte comparisons failing across golden/example/gallery tests; version-bump normalization succeeds then hits the same stale 03 fixture. First differences are title positioning/width and page bounds. No committed fixture was regenerated.,
tests/test_golden.py::test_a_version_bump_does_not_move_a_fixture,FAILED,failed,retained,svg_fixtures,no,Six scenarios have identical pre-existing SVG byte comparisons failing across golden/example/gallery tests; version-bump normalization succeeds then hits the same stale 03 fixture. First differences are title positioning/width and page bounds. No committed fixture was regenerated.,
tests/test_golden.py::test_golden_svg[03_distillation_train],FAILED,failed,retained,svg_fixtures,no,Six scenarios have identical pre-existing SVG byte comparisons failing across golden/example/gallery tests; version-bump normalization succeeds then hits the same stale 03 fixture. First differences are title positioning/width and page bounds. No committed fixture was regenerated.,
tests/test_golden.py::test_golden_svg[08_from_data],FAILED,failed,retained,svg_fixtures,no,Six scenarios have identical pre-existing SVG byte comparisons failing across golden/example/gallery tests; version-bump normalization succeeds then hits the same stale 03 fixture. First differences are title positioning/width and page bounds. No committed fixture was regenerated.,
tests/test_golden.py::test_golden_svg[09_line_numbers],FAILED,failed,retained,svg_fixtures,no,Six scenarios have identical pre-existing SVG byte comparisons failing across golden/example/gallery tests; version-bump normalization succeeds then hits the same stale 03 fixture. First differences are title positioning/width and page bounds. No committed fixture was regenerated.,
tests/test_golden.py::test_golden_svg[15_condensing_turbine],FAILED,failed,retained,svg_fixtures,no,Six scenarios have identical pre-existing SVG byte comparisons failing across golden/example/gallery tests; version-bump normalization succeeds then hits the same stale 03 fixture. First differences are title positioning/width and page bounds. No committed fixture was regenerated.,
tests/test_golden.py::test_golden_svg[18_fixed_bed_recycle],FAILED,failed,retained,svg_fixtures,no,Six scenarios have identical pre-existing SVG byte comparisons failing across golden/example/gallery tests; version-bump normalization succeeds then hits the same stale 03 fixture. First differences are title positioning/width and page bounds. No committed fixture was regenerated.,
tests/test_golden.py::test_golden_svg[21_alumina_refinery],FAILED,failed,retained,svg_fixtures,no,Six scenarios have identical pre-existing SVG byte comparisons failing across golden/example/gallery tests; version-bump normalization succeeds then hits the same stale 03 fixture. First differences are title positioning/width and page bounds. No committed fixture was regenerated.,
tests/test_golden.py::test_the_example_draws_the_same_sheet_as_its_fixture[03_distillation_train],FAILED,failed,retained,svg_fixtures,no,Six scenarios have identical pre-existing SVG byte comparisons failing across golden/example/gallery tests; version-bump normalization succeeds then hits the same stale 03 fixture. First differences are title positioning/width and page bounds. No committed fixture was regenerated.,
tests/test_golden.py::test_the_example_draws_the_same_sheet_as_its_fixture[08_from_data],FAILED,failed,retained,svg_fixtures,no,Six scenarios have identical pre-existing SVG byte comparisons failing across golden/example/gallery tests; version-bump normalization succeeds then hits the same stale 03 fixture. First differences are title positioning/width and page bounds. No committed fixture was regenerated.,
tests/test_golden.py::test_the_example_draws_the_same_sheet_as_its_fixture[09_line_numbers],FAILED,failed,retained,svg_fixtures,no,Six scenarios have identical pre-existing SVG byte comparisons failing across golden/example/gallery tests; version-bump normalization succeeds then hits the same stale 03 fixture. First differences are title positioning/width and page bounds. No committed fixture was regenerated.,
tests/test_golden.py::test_the_example_draws_the_same_sheet_as_its_fixture[15_condensing_turbine],FAILED,failed,retained,svg_fixtures,no,Six scenarios have identical pre-existing SVG byte comparisons failing across golden/example/gallery tests; version-bump normalization succeeds then hits the same stale 03 fixture. First differences are title positioning/width and page bounds. No committed fixture was regenerated.,
tests/test_golden.py::test_the_example_draws_the_same_sheet_as_its_fixture[18_fixed_bed_recycle],FAILED,failed,retained,svg_fixtures,no,Six scenarios have identical pre-existing SVG byte comparisons failing across golden/example/gallery tests; version-bump normalization succeeds then hits the same stale 03 fixture. First differences are title positioning/width and page bounds. No committed fixture was regenerated.,
tests/test_golden.py::test_the_example_draws_the_same_sheet_as_its_fixture[21_alumina_refinery],FAILED,failed,retained,svg_fixtures,no,Six scenarios have identical pre-existing SVG byte comparisons failing across golden/example/gallery tests; version-bump normalization succeeds then hits the same stale 03 fixture. First differences are title positioning/width and page bounds. No committed fixture was regenerated.,
tests/test_symbol_invariants.py::test_a_symbol_redrawn_at_a_new_size_draws_the_ink_it_was_drawn_from[airlift/default-0.4x1.7],FAILED,failed,retained,svg_quadratic_direct,no,"The direct _baked Q tests still fail. Native uses the original <quad> instructions, verified through Desktop export; no _baked call occurs on that path.",
tests/test_symbol_invariants.py::test_a_symbol_redrawn_at_a_new_size_draws_the_ink_it_was_drawn_from[airlift/default-1.0x2.5],FAILED,failed,retained,svg_quadratic_direct,no,"The direct _baked Q tests still fail. Native uses the original <quad> instructions, verified through Desktop export; no _baked call occurs on that path.",
tests/test_symbol_invariants.py::test_a_symbol_redrawn_at_a_new_size_draws_the_ink_it_was_drawn_from[airlift/default-2.0x1.0],FAILED,failed,retained,svg_quadratic_direct,no,"The direct _baked Q tests still fail. Native uses the original <quad> instructions, verified through Desktop export; no _baked call occurs on that path.",
tests/test_symbol_invariants.py::test_a_symbol_redrawn_at_a_new_size_draws_the_ink_it_was_drawn_from[airlift/default-3.0x0.5],FAILED,failed,retained,svg_quadratic_direct,no,"The direct _baked Q tests still fail. Native uses the original <quad> instructions, verified through Desktop export; no _baked call occurs on that path.",
tests/test_symbol_invariants.py::test_every_drawing_survives_being_scaled[airlift/default],FAILED,failed,retained,svg_quadratic_direct,no,"The direct _baked Q tests still fail. Native uses the original <quad> instructions, verified through Desktop export; no _baked call occurs on that path.",
tests/test_symbol_invariants.py::test_ports_land_on_drawn_ink_at_any_box_shape[air_diffuser/default],ERROR,passed,removed,svg_quadratic_fixture,yes,"All 492 errors share odd_box_sheets -> fs.to_svg -> _baked. That exception is SVG-only, but the generator discarded the fixed source aspect: native draw.io retained it while portgeom stretched its ports. Desktop 31.4.4 confirms the resulting diagonal approach. Preserving the source aspect and native connection rectangle fixes the shared cause and clears all setup errors; direct anisotropic Q baking remains SVG-only.",
tests/test_symbol_invariants.py::test_ports_land_on_drawn_ink_at_any_box_shape[airlift/default],ERROR,failed,retained,svg_quadratic_fixture,yes,"All 492 errors share odd_box_sheets -> fs.to_svg -> _baked. That exception is SVG-only, but the generator discarded the fixed source aspect: native draw.io retained it while portgeom stretched its ports. Desktop 31.4.4 confirms the resulting diagonal approach. Preserving the source aspect and native connection rectangle fixes the shared cause and clears all setup errors; direct anisotropic Q baking remains SVG-only.","Setup error cleared; this now reaches the pre-existing open-mouth stroke-proximity assertion, which rejects the airlift liquid inlet."
tests/test_symbol_invariants.py::test_ports_land_on_drawn_ink_at_any_box_shape[basin_agitator/default],ERROR,passed,removed,svg_quadratic_fixture,yes,"All 492 errors share odd_box_sheets -> fs.to_svg -> _baked. That exception is SVG-only, but the generator discarded the fixed source aspect: native draw.io retained it while portgeom stretched its ports. Desktop 31.4.4 confirms the resulting diagonal approach. Preserving the source aspect and native connection rectangle fixes the shared cause and clears all setup errors; direct anisotropic Q baking remains SVG-only.",
tests/test_symbol_invariants.py::test_ports_land_on_drawn_ink_at_any_box_shape[block/default],ERROR,passed,removed,svg_quadratic_fixture,yes,"All 492 errors share odd_box_sheets -> fs.to_svg -> _baked. That exception is SVG-only, but the generator discarded the fixed source aspect: native draw.io retained it while portgeom stretched its ports. Desktop 31.4.4 confirms the resulting diagonal approach. Preserving the source aspect and native connection rectangle fixes the shared cause and clears all setup errors; direct anisotropic Q baking remains SVG-only.",
tests/test_symbol_invariants.py::test_ports_land_on_drawn_ink_at_any_box_shape[blower/default],ERROR,passed,removed,svg_quadratic_fixture,yes,"All 492 errors share odd_box_sheets -> fs.to_svg -> _baked. That exception is SVG-only, but the generator discarded the fixed source aspect: native draw.io retained it while portgeom stretched its ports. Desktop 31.4.4 confirms the resulting diagonal approach. Preserving the source aspect and native connection rectangle fixes the shared cause and clears all setup errors; direct anisotropic Q baking remains SVG-only.",
tests/test_symbol_invariants.py::test_ports_land_on_drawn_ink_at_any_box_shape[blower/gas],ERROR,passed,removed,svg_quadratic_fixture,yes,"All 492 errors share odd_box_sheets -> fs.to_svg -> _baked. That exception is SVG-only, but the generator discarded the fixed source aspect: native draw.io retained it while portgeom stretched its ports. Desktop 31.4.4 confirms the resulting diagonal approach. Preserving the source aspect and native connection rectangle fixes the shared cause and clears all setup errors; direct anisotropic Q baking remains SVG-only.",
tests/test_symbol_invariants.py::test_ports_land_on_drawn_ink_at_any_box_shape[boiler/default],ERROR,passed,removed,svg_quadratic_fixture,yes,"All 492 errors share odd_box_sheets -> fs.to_svg -> _baked. That exception is SVG-only, but the generator discarded the fixed source aspect: native draw.io retained it while portgeom stretched its ports. Desktop 31.4.4 confirms the resulting diagonal approach. Preserving the source aspect and native connection rectangle fixes the shared cause and clears all setup errors; direct anisotropic Q baking remains SVG-only.",
tests/test_symbol_invariants.py::test_ports_land_on_drawn_ink_at_any_box_shape[centrifuge/decanter],ERROR,passed,removed,svg_quadratic_fixture,yes,"All 492 errors share odd_box_sheets -> fs.to_svg -> _baked. That exception is SVG-only, but the generator discarded the fixed source aspect: native draw.io retained it while portgeom stretched its ports. Desktop 31.4.4 confirms the resulting diagonal approach. Preserving the source aspect and native connection rectangle fixes the shared cause and clears all setup errors; direct anisotropic Q baking remains SVG-only.",
tests/test_symbol_invariants.py::test_ports_land_on_drawn_ink_at_any_box_shape[centrifuge/default],ERROR,passed,removed,svg_quadratic_fixture,yes,"All 492 errors share odd_box_sheets -> fs.to_svg -> _baked. That exception is SVG-only, but the generator discarded the fixed source aspect: native draw.io retained it while portgeom stretched its ports. Desktop 31.4.4 confirms the resulting diagonal approach. Preserving the source aspect and native connection rectangle fixes the shared cause and clears all setup errors; direct anisotropic Q baking remains SVG-only.",
tests/test_symbol_invariants.py::test_ports_land_on_drawn_ink_at_any_box_shape[centrifuge/disc],ERROR,passed,removed,svg_quadratic_fixture,yes,"All 492 errors share odd_box_sheets -> fs.to_svg -> _baked. That exception is SVG-only, but the generator discarded the fixed source aspect: native draw.io retained it while portgeom stretched its ports. Desktop 31.4.4 confirms the resulting diagonal approach. Preserving the source aspect and native connection rectangle fixes the shared cause and clears all setup errors; direct anisotropic Q baking remains SVG-only.",
tests/test_symbol_invariants.py::test_ports_land_on_drawn_ink_at_any_box_shape[centrifuge/high_speed],ERROR,passed,removed,svg_quadratic_fixture,yes,"All 492 errors share odd_box_sheets -> fs.to_svg -> _baked. That exception is SVG-only, but the generator discarded the fixed source aspect: native draw.io retained it while portgeom stretched its ports. Desktop 31.4.4 confirms the resulting diagonal approach. Preserving the source aspect and native connection rectangle fixes the shared cause and clears all setup errors; direct anisotropic Q baking remains SVG-only.",
tests/test_symbol_invariants.py::test_ports_land_on_drawn_ink_at_any_box_shape[centrifuge/perforated_shell],ERROR,passed,removed,svg_quadratic_fixture,yes,"All 492 errors share odd_box_sheets -> fs.to_svg -> _baked. That exception is SVG-only, but the generator discarded the fixed source aspect: native draw.io retained it while portgeom stretched its ports. Desktop 31.4.4 confirms the resulting diagonal approach. Preserving the source aspect and native connection rectangle fixes the shared cause and clears all setup errors; direct anisotropic Q baking remains SVG-only.",
tests/test_symbol_invariants.py::test_ports_land_on_drawn_ink_at_any_box_shape[centrifuge/pusher],ERROR,passed,removed,svg_quadratic_fixture,yes,"All 492 errors share odd_box_sheets -> fs.to_svg -> _baked. That exception is SVG-only, but the generator discarded the fixed source aspect: native draw.io retained it while portgeom stretched its ports. Desktop 31.4.4 confirms the resulting diagonal approach. Preserving the source aspect and native connection rectangle fixes the shared cause and clears all setup errors; direct anisotropic Q baking remains SVG-only.",
tests/test_symbol_invariants.py::test_ports_land_on_drawn_ink_at_any_box_shape[centrifuge/screw_perforated],ERROR,passed,removed,svg_quadratic_fixture,yes,"All 492 errors share odd_box_sheets -> fs.to_svg -> _baked. That exception is SVG-only, but the generator discarded the fixed source aspect: native draw.io retained it while portgeom stretched its ports. Desktop 31.4.4 confirms the resulting diagonal approach. Preserving the source aspect and native connection rectangle fixes the shared cause and clears all setup errors; direct anisotropic Q baking remains SVG-only.",
tests/test_symbol_invariants.py::test_ports_land_on_drawn_ink_at_any_box_shape[centrifuge/skimmer],ERROR,passed,removed,svg_quadratic_fixture,yes,"All 492 errors share odd_box_sheets -> fs.to_svg -> _baked. That exception is SVG-only, but the generator discarded the fixed source aspect: native draw.io retained it while portgeom stretched its ports. Desktop 31.4.4 confirms the resulting diagonal approach. Preserving the source aspect and native connection rectangle fixes the shared cause and clears all setup errors; direct anisotropic Q baking remains SVG-only.",
tests/test_symbol_invariants.py::test_ports_land_on_drawn_ink_at_any_box_shape[centrifuge/solid_shell],ERROR,passed,removed,svg_quadratic_fixture,yes,"All 492 errors share odd_box_sheets -> fs.to_svg -> _baked. That exception is SVG-only, but the generator discarded the fixed source aspect: native draw.io retained it while portgeom stretched its ports. Desktop 31.4.4 confirms the resulting diagonal approach. Preserving the source aspect and native connection rectangle fixes the shared cause and clears all setup errors; direct anisotropic Q baking remains SVG-only.",
tests/test_symbol_invariants.py::test_ports_land_on_drawn_ink_at_any_box_shape[column/default],ERROR,passed,removed,svg_quadratic_fixture,yes,"All 492 errors share odd_box_sheets -> fs.to_svg -> _baked. That exception is SVG-only, but the generator discarded the fixed source aspect: native draw.io retained it while portgeom stretched its ports. Desktop 31.4.4 confirms the resulting diagonal approach. Preserving the source aspect and native connection rectangle fixes the shared cause and clears all setup errors; direct anisotropic Q baking remains SVG-only.",
tests/test_symbol_invariants.py::test_ports_land_on_drawn_ink_at_any_box_shape[column/packed],ERROR,passed,removed,svg_quadratic_fixture,yes,"All 492 errors share odd_box_sheets -> fs.to_svg -> _baked. That exception is SVG-only, but the generator discarded the fixed source aspect: native draw.io retained it while portgeom stretched its ports. Desktop 31.4.4 confirms the resulting diagonal approach. Preserving the source aspect and native connection rectangle fixes the shared cause and clears all setup errors; direct anisotropic Q baking remains SVG-only.",
tests/test_symbol_invariants.py::test_ports_land_on_drawn_ink_at_any_box_shape[compressor/default],ERROR,passed,removed,svg_quadratic_fixture,yes,"All 492 errors share odd_box_sheets -> fs.to_svg -> _baked. That exception is SVG-only, but the generator discarded the fixed source aspect: native draw.io retained it while portgeom stretched its ports. Desktop 31.4.4 confirms the resulting diagonal approach. Preserving the source aspect and native connection rectangle fixes the shared cause and clears all setup errors; direct anisotropic Q baking remains SVG-only.",
tests/test_symbol_invariants.py::test_ports_land_on_drawn_ink_at_any_box_shape[compressor/liquid_ring],ERROR,passed,removed,svg_quadratic_fixture,yes,"All 492 errors share odd_box_sheets -> fs.to_svg -> _baked. That exception is SVG-only, but the generator discarded the fixed source aspect: native draw.io retained it while portgeom stretched its ports. Desktop 31.4.4 confirms the resulting diagonal approach. Preserving the source aspect and native connection rectangle fixes the shared cause and clears all setup errors; direct anisotropic Q baking remains SVG-only.",
tests/test_symbol_invariants.py::test_ports_land_on_drawn_ink_at_any_box_shape[compressor/reciprocating],ERROR,passed,removed,svg_quadratic_fixture,yes,"All 492 errors share odd_box_sheets -> fs.to_svg -> _baked. That exception is SVG-only, but the generator discarded the fixed source aspect: native draw.io retained it while portgeom stretched its ports. Desktop 31.4.4 confirms the resulting diagonal approach. Preserving the source aspect and native connection rectangle fixes the shared cause and clears all setup errors; direct anisotropic Q baking remains SVG-only.",
tests/test_symbol_invariants.py::test_ports_land_on_drawn_ink_at_any_box_shape[compressor/rotary],ERROR,passed,removed,svg_quadratic_fixture,yes,"All 492 errors share odd_box_sheets -> fs.to_svg -> _baked. That exception is SVG-only, but the generator discarded the fixed source aspect: native draw.io retained it while portgeom stretched its ports. Desktop 31.4.4 confirms the resulting diagonal approach. Preserving the source aspect and native connection rectangle fixes the shared cause and clears all setup errors; direct anisotropic Q baking remains SVG-only.",
tests/test_symbol_invariants.py::test_ports_land_on_drawn_ink_at_any_box_shape[concrete_basin/default],ERROR,passed,removed,svg_quadratic_fixture,yes,"All 492 errors share odd_box_sheets -> fs.to_svg -> _baked. That exception is SVG-only, but the generator discarded the fixed source aspect: native draw.io retained it while portgeom stretched its ports. Desktop 31.4.4 confirms the resulting diagonal approach. Preserving the source aspect and native connection rectangle fixes the shared cause and clears all setup errors; direct anisotropic Q baking remains SVG-only.",
tests/test_symbol_invariants.py::test_ports_land_on_drawn_ink_at_any_box_shape[conveyor/default],ERROR,skipped,removed,svg_quadratic_fixture,yes,"All 492 errors share odd_box_sheets -> fs.to_svg -> _baked. That exception is SVG-only, but the generator discarded the fixed source aspect: native draw.io retained it while portgeom stretched its ports. Desktop 31.4.4 confirms the resulting diagonal approach. Preserving the source aspect and native connection rectangle fixes the shared cause and clears all setup errors; direct anisotropic Q baking remains SVG-only.",Setup error cleared; the existing test applies its unchanged kind/port skip rule.
tests/test_symbol_invariants.py::test_ports_land_on_drawn_ink_at_any_box_shape[conveyor/screw],ERROR,skipped,removed,svg_quadratic_fixture,yes,"All 492 errors share odd_box_sheets -> fs.to_svg -> _baked. That exception is SVG-only, but the generator discarded the fixed source aspect: native draw.io retained it while portgeom stretched its ports. Desktop 31.4.4 confirms the resulting diagonal approach. Preserving the source aspect and native connection rectangle fixes the shared cause and clears all setup errors; direct anisotropic Q baking remains SVG-only.",Setup error cleared; the existing test applies its unchanged kind/port skip rule.
tests/test_symbol_invariants.py::test_ports_land_on_drawn_ink_at_any_box_shape[cooler/default],ERROR,passed,removed,svg_quadratic_fixture,yes,"All 492 errors share odd_box_sheets -> fs.to_svg -> _baked. That exception is SVG-only, but the generator discarded the fixed source aspect: native draw.io retained it while portgeom stretched its ports. Desktop 31.4.4 confirms the resulting diagonal approach. Preserving the source aspect and native connection rectangle fixes the shared cause and clears all setup errors; direct anisotropic Q baking remains SVG-only.",
tests/test_symbol_invariants.py::test_ports_land_on_drawn_ink_at_any_box_shape[cooling_tower/default],ERROR,passed,removed,svg_quadratic_fixture,yes,"All 492 errors share odd_box_sheets -> fs.to_svg -> _baked. That exception is SVG-only, but the generator discarded the fixed source aspect: native draw.io retained it while portgeom stretched its ports. Desktop 31.4.4 confirms the resulting diagonal approach. Preserving the source aspect and native connection rectangle fixes the shared cause and clears all setup errors; direct anisotropic Q baking remains SVG-only.",
tests/test_symbol_invariants.py::test_ports_land_on_drawn_ink_at_any_box_shape[cooling_tower/dry_forced],ERROR,passed,removed,svg_quadratic_fixture,yes,"All 492 errors share odd_box_sheets -> fs.to_svg -> _baked. That exception is SVG-only, but the generator discarded the fixed source aspect: native draw.io retained it while portgeom stretched its ports. Desktop 31.4.4 confirms the resulting diagonal approach. Preserving the source aspect and native connection rectangle fixes the shared cause and clears all setup errors; direct anisotropic Q baking remains SVG-only.",
tests/test_symbol_invariants.py::test_ports_land_on_drawn_ink_at_any_box_shape[cooling_tower/dry_induced],ERROR,passed,removed,svg_quadratic_fixture,yes,"All 492 errors share odd_box_sheets -> fs.to_svg -> _baked. That exception is SVG-only, but the generator discarded the fixed source aspect: native draw.io retained it while portgeom stretched its ports. Desktop 31.4.4 confirms the resulting diagonal approach. Preserving the source aspect and native connection rectangle fixes the shared cause and clears all setup errors; direct anisotropic Q baking remains SVG-only.",
tests/test_symbol_invariants.py::test_ports_land_on_drawn_ink_at_any_box_shape[cooling_tower/dry_natural],ERROR,passed,removed,svg_quadratic_fixture,yes,"All 492 errors share odd_box_sheets -> fs.to_svg -> _baked. That exception is SVG-only, but the generator discarded the fixed source aspect: native draw.io retained it while portgeom stretched its ports. Desktop 31.4.4 confirms the resulting diagonal approach. Preserving the source aspect and native connection rectangle fixes the shared cause and clears all setup errors; direct anisotropic Q baking remains SVG-only.",
tests/test_symbol_invariants.py::test_ports_land_on_drawn_ink_at_any_box_shape[cooling_tower/forced_draft],ERROR,passed,removed,svg_quadratic_fixture,yes,"All 492 errors share odd_box_sheets -> fs.to_svg -> _baked. That exception is SVG-only, but the generator discarded the fixed source aspect: native draw.io retained it while portgeom stretched its ports. Desktop 31.4.4 confirms the resulting diagonal approach. Preserving the source aspect and native connection rectangle fixes the shared cause and clears all setup errors; direct anisotropic Q baking remains SVG-only.",
tests/test_symbol_invariants.py::test_ports_land_on_drawn_ink_at_any_box_shape[cooling_tower/general],ERROR,passed,removed,svg_quadratic_fixture,yes,"All 492 errors share odd_box_sheets -> fs.to_svg -> _baked. That exception is SVG-only, but the generator discarded the fixed source aspect: native draw.io retained it while portgeom stretched its ports. Desktop 31.4.4 confirms the resulting diagonal approach. Preserving the source aspect and native connection rectangle fixes the shared cause and clears all setup errors; direct anisotropic Q baking remains SVG-only.",
tests/test_symbol_invariants.py::test_ports_land_on_drawn_ink_at_any_box_shape[cooling_tower/induced_draft],ERROR,passed,removed,svg_quadratic_fixture,yes,"All 492 errors share odd_box_sheets -> fs.to_svg -> _baked. That exception is SVG-only, but the generator discarded the fixed source aspect: native draw.io retained it while portgeom stretched its ports. Desktop 31.4.4 confirms the resulting diagonal approach. Preserving the source aspect and native connection rectangle fixes the shared cause and clears all setup errors; direct anisotropic Q baking remains SVG-only.",
tests/test_symbol_invariants.py::test_ports_land_on_drawn_ink_at_any_box_shape[cooling_tower/wet_dry_natural],ERROR,passed,removed,svg_quadratic_fixture,yes,"All 492 errors share odd_box_sheets -> fs.to_svg -> _baked. That exception is SVG-only, but the generator discarded the fixed source aspect: native draw.io retained it while portgeom stretched its ports. Desktop 31.4.4 confirms the resulting diagonal approach. Preserving the source aspect and native connection rectangle fixes the shared cause and clears all setup errors; direct anisotropic Q baking remains SVG-only.",
tests/test_symbol_invariants.py::test_ports_land_on_drawn_ink_at_any_box_shape[cooling_tower/wet_forced],ERROR,passed,removed,svg_quadratic_fixture,yes,"All 492 errors share odd_box_sheets -> fs.to_svg -> _baked. That exception is SVG-only, but the generator discarded the fixed source aspect: native draw.io retained it while portgeom stretched its ports. Desktop 31.4.4 confirms the resulting diagonal approach. Preserving the source aspect and native connection rectangle fixes the shared cause and clears all setup errors; direct anisotropic Q baking remains SVG-only.",
tests/test_symbol_invariants.py::test_ports_land_on_drawn_ink_at_any_box_shape[cooling_tower/wet_induced],ERROR,passed,removed,svg_quadratic_fixture,yes,"All 492 errors share odd_box_sheets -> fs.to_svg -> _baked. That exception is SVG-only, but the generator discarded the fixed source aspect: native draw.io retained it while portgeom stretched its ports. Desktop 31.4.4 confirms the resulting diagonal approach. Preserving the source aspect and native connection rectangle fixes the shared cause and clears all setup errors; direct anisotropic Q baking remains SVG-only.",
tests/test_symbol_invariants.py::test_ports_land_on_drawn_ink_at_any_box_shape[cooling_tower/wet_natural],ERROR,passed,removed,svg_quadratic_fixture,yes,"All 492 errors share odd_box_sheets -> fs.to_svg -> _baked. That exception is SVG-only, but the generator discarded the fixed source aspect: native draw.io retained it while portgeom stretched its ports. Desktop 31.4.4 confirms the resulting diagonal approach. Preserving the source aspect and native connection rectangle fixes the shared cause and clears all setup errors; direct anisotropic Q baking remains SVG-only.",
tests/test_symbol_invariants.py::test_ports_land_on_drawn_ink_at_any_box_shape[crusher/cone],ERROR,passed,removed,svg_quadratic_fixture,yes,"All 492 errors share odd_box_sheets -> fs.to_svg -> _baked. That exception is SVG-only, but the generator discarded the fixed source aspect: native draw.io retained it while portgeom stretched its ports. Desktop 31.4.4 confirms the resulting diagonal approach. Preserving the source aspect and native connection rectangle fixes the shared cause and clears all setup errors; direct anisotropic Q baking remains SVG-only.",
tests/test_symbol_invariants.py::test_ports_land_on_drawn_ink_at_any_box_shape[crusher/default],ERROR,passed,removed,svg_quadratic_fixture,yes,"All 492 errors share odd_box_sheets -> fs.to_svg -> _baked. That exception is SVG-only, but the generator discarded the fixed source aspect: native draw.io retained it while portgeom stretched its ports. Desktop 31.4.4 confirms the resulting diagonal approach. Preserving the source aspect and native connection rectangle fixes the shared cause and clears all setup errors; direct anisotropic Q baking remains SVG-only.",
tests/test_symbol_invariants.py::test_ports_land_on_drawn_ink_at_any_box_shape[crusher/hammer],ERROR,passed,removed,svg_quadratic_fixture,yes,"All 492 errors share odd_box_sheets -> fs.to_svg -> _baked. That exception is SVG-only, but the generator discarded the fixed source aspect: native draw.io retained it while portgeom stretched its ports. Desktop 31.4.4 confirms the resulting diagonal approach. Preserving the source aspect and native connection rectangle fixes the shared cause and clears all setup errors; direct anisotropic Q baking remains SVG-only.",
tests/test_symbol_invariants.py::test_ports_land_on_drawn_ink_at_any_box_shape[crusher/impact],ERROR,passed,removed,svg_quadratic_fixture,yes,"All 492 errors share odd_box_sheets -> fs.to_svg -> _baked. That exception is SVG-only, but the generator discarded the fixed source aspect: native draw.io retained it while portgeom stretched its ports. Desktop 31.4.4 confirms the resulting diagonal approach. Preserving the source aspect and native connection rectangle fixes the shared cause and clears all setup errors; direct anisotropic Q baking remains SVG-only.",
tests/test_symbol_invariants.py::test_ports_land_on_drawn_ink_at_any_box_shape[crusher/jaw],ERROR,passed,removed,svg_quadratic_fixture,yes,"All 492 errors share odd_box_sheets -> fs.to_svg -> _baked. That exception is SVG-only, but the generator discarded the fixed source aspect: native draw.io retained it while portgeom stretched its ports. Desktop 31.4.4 confirms the resulting diagonal approach. Preserving the source aspect and native connection rectangle fixes the shared cause and clears all setup errors; direct anisotropic Q baking remains SVG-only.",
tests/test_symbol_invariants.py::test_ports_land_on_drawn_ink_at_any_box_shape[crusher/roller],ERROR,passed,removed,svg_quadratic_fixture,yes,"All 492 errors share odd_box_sheets -> fs.to_svg -> _baked. That exception is SVG-only, but the generator discarded the fixed source aspect: native draw.io retained it while portgeom stretched its ports. Desktop 31.4.4 confirms the resulting diagonal approach. Preserving the source aspect and native connection rectangle fixes the shared cause and clears all setup errors; direct anisotropic Q baking remains SVG-only.",
tests/test_symbol_invariants.py::test_ports_land_on_drawn_ink_at_any_box_shape[crushing_machine/default],ERROR,passed,removed,svg_quadratic_fixture,yes,"All 492 errors share odd_box_sheets -> fs.to_svg -> _baked. That exception is SVG-only, but the generator discarded the fixed source aspect: native draw.io retained it while portgeom stretched its ports. Desktop 31.4.4 confirms the resulting diagonal approach. Preserving the source aspect and native connection rectangle fixes the shared cause and clears all setup errors; direct anisotropic Q baking remains SVG-only.",
tests/test_symbol_invariants.py::test_ports_land_on_drawn_ink_at_any_box_shape[dryer/belt],ERROR,passed,removed,svg_quadratic_fixture,yes,"All 492 errors share odd_box_sheets -> fs.to_svg -> _baked. That exception is SVG-only, but the generator discarded the fixed source aspect: native draw.io retained it while portgeom stretched its ports. Desktop 31.4.4 confirms the resulting diagonal approach. Preserving the source aspect and native connection rectangle fixes the shared cause and clears all setup errors; direct anisotropic Q baking remains SVG-only.",
tests/test_symbol_invariants.py::test_ports_land_on_drawn_ink_at_any_box_shape[dryer/default],ERROR,passed,removed,svg_quadratic_fixture,yes,"All 492 errors share odd_box_sheets -> fs.to_svg -> _baked. That exception is SVG-only, but the generator discarded the fixed source aspect: native draw.io retained it while portgeom stretched its ports. Desktop 31.4.4 confirms the resulting diagonal approach. Preserving the source aspect and native connection rectangle fixes the shared cause and clears all setup errors; direct anisotropic Q baking remains SVG-only.",
tests/test_symbol_invariants.py::test_ports_land_on_drawn_ink_at_any_box_shape[dryer/fluidized_bed],ERROR,passed,removed,svg_quadratic_fixture,yes,"All 492 errors share odd_box_sheets -> fs.to_svg -> _baked. That exception is SVG-only, but the generator discarded the fixed source aspect: native draw.io retained it while portgeom stretched its ports. Desktop 31.4.4 confirms the resulting diagonal approach. Preserving the source aspect and native connection rectangle fixes the shared cause and clears all setup errors; direct anisotropic Q baking remains SVG-only.",
tests/test_symbol_invariants.py::test_ports_land_on_drawn_ink_at_any_box_shape[dryer/general],ERROR,passed,removed,svg_quadratic_fixture,yes,"All 492 errors share odd_box_sheets -> fs.to_svg -> _baked. That exception is SVG-only, but the generator discarded the fixed source aspect: native draw.io retained it while portgeom stretched its ports. Desktop 31.4.4 confirms the resulting diagonal approach. Preserving the source aspect and native connection rectangle fixes the shared cause and clears all setup errors; direct anisotropic Q baking remains SVG-only.",
tests/test_symbol_invariants.py::test_ports_land_on_drawn_ink_at_any_box_shape[dryer/shelf],ERROR,passed,removed,svg_quadratic_fixture,yes,"All 492 errors share odd_box_sheets -> fs.to_svg -> _baked. That exception is SVG-only, but the generator discarded the fixed source aspect: native draw.io retained it while portgeom stretched its ports. Desktop 31.4.4 confirms the resulting diagonal approach. Preserving the source aspect and native connection rectangle fixes the shared cause and clears all setup errors; direct anisotropic Q baking remains SVG-only.",
tests/test_symbol_invariants.py::test_ports_land_on_drawn_ink_at_any_box_shape[dryer/spray],ERROR,passed,removed,svg_quadratic_fixture,yes,"All 492 errors share odd_box_sheets -> fs.to_svg -> _baked. That exception is SVG-only, but the generator discarded the fixed source aspect: native draw.io retained it while portgeom stretched its ports. Desktop 31.4.4 confirms the resulting diagonal approach. Preserving the source aspect and native connection rectangle fixes the shared cause and clears all setup errors; direct anisotropic Q baking remains SVG-only.",
tests/test_symbol_invariants.py::test_ports_land_on_drawn_ink_at_any_box_shape[dryer/turbo],ERROR,passed,removed,svg_quadratic_fixture,yes,"All 492 errors share odd_box_sheets -> fs.to_svg -> _baked. That exception is SVG-only, but the generator discarded the fixed source aspect: native draw.io retained it while portgeom stretched its ports. Desktop 31.4.4 confirms the resulting diagonal approach. Preserving the source aspect and native connection rectangle fixes the shared cause and clears all setup errors; direct anisotropic Q baking remains SVG-only.",
tests/test_symbol_invariants.py::test_ports_land_on_drawn_ink_at_any_box_shape[ejector/default],ERROR,passed,removed,svg_quadratic_fixture,yes,"All 492 errors share odd_box_sheets -> fs.to_svg -> _baked. That exception is SVG-only, but the generator discarded the fixed source aspect: native draw.io retained it while portgeom stretched its ports. Desktop 31.4.4 confirms the resulting diagonal approach. Preserving the source aspect and native connection rectangle fixes the shared cause and clears all setup errors; direct anisotropic Q baking remains SVG-only.",
tests/test_symbol_invariants.py::test_ports_land_on_drawn_ink_at_any_box_shape[elevator/default],ERROR,passed,removed,svg_quadratic_fixture,yes,"All 492 errors share odd_box_sheets -> fs.to_svg -> _baked. That exception is SVG-only, but the generator discarded the fixed source aspect: native draw.io retained it while portgeom stretched its ports. Desktop 31.4.4 confirms the resulting diagonal approach. Preserving the source aspect and native connection rectangle fixes the shared cause and clears all setup errors; direct anisotropic Q baking remains SVG-only.",
tests/test_symbol_invariants.py::test_ports_land_on_drawn_ink_at_any_box_shape[elevator/z_form],ERROR,passed,removed,svg_quadratic_fixture,yes,"All 492 errors share odd_box_sheets -> fs.to_svg -> _baked. That exception is SVG-only, but the generator discarded the fixed source aspect: native draw.io retained it while portgeom stretched its ports. Desktop 31.4.4 confirms the resulting diagonal approach. Preserving the source aspect and native connection rectangle fixes the shared cause and clears all setup errors; direct anisotropic Q baking remains SVG-only.",
tests/test_symbol_invariants.py::test_ports_land_on_drawn_ink_at_any_box_shape[evaporator/calandria],ERROR,passed,removed,svg_quadratic_fixture,yes,"All 492 errors share odd_box_sheets -> fs.to_svg -> _baked. That exception is SVG-only, but the generator discarded the fixed source aspect: native draw.io retained it while portgeom stretched its ports. Desktop 31.4.4 confirms the resulting diagonal approach. Preserving the source aspect and native connection rectangle fixes the shared cause and clears all setup errors; direct anisotropic Q baking remains SVG-only.",
tests/test_symbol_invariants.py::test_ports_land_on_drawn_ink_at_any_box_shape[evaporator/climbing_film],ERROR,passed,removed,svg_quadratic_fixture,yes,"All 492 errors share odd_box_sheets -> fs.to_svg -> _baked. That exception is SVG-only, but the generator discarded the fixed source aspect: native draw.io retained it while portgeom stretched its ports. Desktop 31.4.4 confirms the resulting diagonal approach. Preserving the source aspect and native connection rectangle fixes the shared cause and clears all setup errors; direct anisotropic Q baking remains SVG-only.",
tests/test_symbol_invariants.py::test_ports_land_on_drawn_ink_at_any_box_shape[evaporator/default],ERROR,passed,removed,svg_quadratic_fixture,yes,"All 492 errors share odd_box_sheets -> fs.to_svg -> _baked. That exception is SVG-only, but the generator discarded the fixed source aspect: native draw.io retained it while portgeom stretched its ports. Desktop 31.4.4 confirms the resulting diagonal approach. Preserving the source aspect and native connection rectangle fixes the shared cause and clears all setup errors; direct anisotropic Q baking remains SVG-only.",
tests/test_symbol_invariants.py::test_ports_land_on_drawn_ink_at_any_box_shape[evaporator/falling_film],ERROR,passed,removed,svg_quadratic_fixture,yes,"All 492 errors share odd_box_sheets -> fs.to_svg -> _baked. That exception is SVG-only, but the generator discarded the fixed source aspect: native draw.io retained it while portgeom stretched its ports. Desktop 31.4.4 confirms the resulting diagonal approach. Preserving the source aspect and native connection rectangle fixes the shared cause and clears all setup errors; direct anisotropic Q baking remains SVG-only.",
tests/test_symbol_invariants.py::test_ports_land_on_drawn_ink_at_any_box_shape[evaporator/plate],ERROR,passed,removed,svg_quadratic_fixture,yes,"All 492 errors share odd_box_sheets -> fs.to_svg -> _baked. That exception is SVG-only, but the generator discarded the fixed source aspect: native draw.io retained it while portgeom stretched its ports. Desktop 31.4.4 confirms the resulting diagonal approach. Preserving the source aspect and native connection rectangle fixes the shared cause and clears all setup errors; direct anisotropic Q baking remains SVG-only.",
tests/test_symbol_invariants.py::test_ports_land_on_drawn_ink_at_any_box_shape[feed/default],ERROR,skipped,removed,svg_quadratic_fixture,yes,"All 492 errors share odd_box_sheets -> fs.to_svg -> _baked. That exception is SVG-only, but the generator discarded the fixed source aspect: native draw.io retained it while portgeom stretched its ports. Desktop 31.4.4 confirms the resulting diagonal approach. Preserving the source aspect and native connection rectangle fixes the shared cause and clears all setup errors; direct anisotropic Q baking remains SVG-only.",Setup error cleared; the existing test applies its unchanged kind/port skip rule.
tests/test_symbol_invariants.py::test_ports_land_on_drawn_ink_at_any_box_shape[feeder/general],ERROR,passed,removed,svg_quadratic_fixture,yes,"All 492 errors share odd_box_sheets -> fs.to_svg -> _baked. That exception is SVG-only, but the generator discarded the fixed source aspect: native draw.io retained it while portgeom stretched its ports. Desktop 31.4.4 confirms the resulting diagonal approach. Preserving the source aspect and native connection rectangle fixes the shared cause and clears all setup errors; direct anisotropic Q baking remains SVG-only.",
tests/test_symbol_invariants.py::test_ports_land_on_drawn_ink_at_any_box_shape[feeder/metering],ERROR,passed,removed,svg_quadratic_fixture,yes,"All 492 errors share odd_box_sheets -> fs.to_svg -> _baked. That exception is SVG-only, but the generator discarded the fixed source aspect: native draw.io retained it while portgeom stretched its ports. Desktop 31.4.4 confirms the resulting diagonal approach. Preserving the source aspect and native connection rectangle fixes the shared cause and clears all setup errors; direct anisotropic Q baking remains SVG-only.",
tests/test_symbol_invariants.py::test_ports_land_on_drawn_ink_at_any_box_shape[feeder/rotary_table],ERROR,passed,removed,svg_quadratic_fixture,yes,"All 492 errors share odd_box_sheets -> fs.to_svg -> _baked. That exception is SVG-only, but the generator discarded the fixed source aspect: native draw.io retained it while portgeom stretched its ports. Desktop 31.4.4 confirms the resulting diagonal approach. Preserving the source aspect and native connection rectangle fixes the shared cause and clears all setup errors; direct anisotropic Q baking remains SVG-only.",
tests/test_symbol_invariants.py::test_ports_land_on_drawn_ink_at_any_box_shape[feeder/rotary_valve],ERROR,passed,removed,svg_quadratic_fixture,yes,"All 492 errors share odd_box_sheets -> fs.to_svg -> _baked. That exception is SVG-only, but the generator discarded the fixed source aspect: native draw.io retained it while portgeom stretched its ports. Desktop 31.4.4 confirms the resulting diagonal approach. Preserving the source aspect and native connection rectangle fixes the shared cause and clears all setup errors; direct anisotropic Q baking remains SVG-only.",
tests/test_symbol_invariants.py::test_ports_land_on_drawn_ink_at_any_box_shape[filter/belt],ERROR,passed,removed,svg_quadratic_fixture,yes,"All 492 errors share odd_box_sheets -> fs.to_svg -> _baked. That exception is SVG-only, but the generator discarded the fixed source aspect: native draw.io retained it while portgeom stretched its ports. Desktop 31.4.4 confirms the resulting diagonal approach. Preserving the source aspect and native connection rectangle fixes the shared cause and clears all setup errors; direct anisotropic Q baking remains SVG-only.",
tests/test_symbol_invariants.py::test_ports_land_on_drawn_ink_at_any_box_shape[filter/default],ERROR,passed,removed,svg_quadratic_fixture,yes,"All 492 errors share odd_box_sheets -> fs.to_svg -> _baked. That exception is SVG-only, but the generator discarded the fixed source aspect: native draw.io retained it while portgeom stretched its ports. Desktop 31.4.4 confirms the resulting diagonal approach. Preserving the source aspect and native connection rectangle fixes the shared cause and clears all setup errors; direct anisotropic Q baking remains SVG-only.",
tests/test_symbol_invariants.py::test_ports_land_on_drawn_ink_at_any_box_shape[filter/fixed_bed],ERROR,passed,removed,svg_quadratic_fixture,yes,"All 492 errors share odd_box_sheets -> fs.to_svg -> _baked. That exception is SVG-only, but the generator discarded the fixed source aspect: native draw.io retained it while portgeom stretched its ports. Desktop 31.4.4 confirms the resulting diagonal approach. Preserving the source aspect and native connection rectangle fixes the shared cause and clears all setup errors; direct anisotropic Q baking remains SVG-only.",
tests/test_symbol_invariants.py::test_ports_land_on_drawn_ink_at_any_box_shape[filter/gas],ERROR,passed,removed,svg_quadratic_fixture,yes,"All 492 errors share odd_box_sheets -> fs.to_svg -> _baked. That exception is SVG-only, but the generator discarded the fixed source aspect: native draw.io retained it while portgeom stretched its ports. Desktop 31.4.4 confirms the resulting diagonal approach. Preserving the source aspect and native connection rectangle fixes the shared cause and clears all setup errors; direct anisotropic Q baking remains SVG-only.",
tests/test_symbol_invariants.py::test_ports_land_on_drawn_ink_at_any_box_shape[filter/gas_belt],ERROR,passed,removed,svg_quadratic_fixture,yes,"All 492 errors share odd_box_sheets -> fs.to_svg -> _baked. That exception is SVG-only, but the generator discarded the fixed source aspect: native draw.io retained it while portgeom stretched its ports. Desktop 31.4.4 confirms the resulting diagonal approach. Preserving the source aspect and native connection rectangle fixes the shared cause and clears all setup errors; direct anisotropic Q baking remains SVG-only.",
tests/test_symbol_invariants.py::test_ports_land_on_drawn_ink_at_any_box_shape[filter/gas_fixed_bed],ERROR,passed,removed,svg_quadratic_fixture,yes,"All 492 errors share odd_box_sheets -> fs.to_svg -> _baked. That exception is SVG-only, but the generator discarded the fixed source aspect: native draw.io retained it while portgeom stretched its ports. Desktop 31.4.4 confirms the resulting diagonal approach. Preserving the source aspect and native connection rectangle fixes the shared cause and clears all setup errors; direct anisotropic Q baking remains SVG-only.",
tests/test_symbol_invariants.py::test_ports_land_on_drawn_ink_at_any_box_shape[filter/ion_exchange],ERROR,passed,removed,svg_quadratic_fixture,yes,"All 492 errors share odd_box_sheets -> fs.to_svg -> _baked. That exception is SVG-only, but the generator discarded the fixed source aspect: native draw.io retained it while portgeom stretched its ports. Desktop 31.4.4 confirms the resulting diagonal approach. Preserving the source aspect and native connection rectangle fixes the shared cause and clears all setup errors; direct anisotropic Q baking remains SVG-only.",
tests/test_symbol_invariants.py::test_ports_land_on_drawn_ink_at_any_box_shape[filter/press],ERROR,passed,removed,svg_quadratic_fixture,yes,"All 492 errors share odd_box_sheets -> fs.to_svg -> _baked. That exception is SVG-only, but the generator discarded the fixed source aspect: native draw.io retained it while portgeom stretched its ports. Desktop 31.4.4 confirms the resulting diagonal approach. Preserving the source aspect and native connection rectangle fixes the shared cause and clears all setup errors; direct anisotropic Q baking remains SVG-only.",
tests/test_symbol_invariants.py::test_ports_land_on_drawn_ink_at_any_box_shape[filter/rotary],ERROR,passed,removed,svg_quadratic_fixture,yes,"All 492 errors share odd_box_sheets -> fs.to_svg -> _baked. That exception is SVG-only, but the generator discarded the fixed source aspect: native draw.io retained it while portgeom stretched its ports. Desktop 31.4.4 confirms the resulting diagonal approach. Preserving the source aspect and native connection rectangle fixes the shared cause and clears all setup errors; direct anisotropic Q baking remains SVG-only.",
tests/test_symbol_invariants.py::test_ports_land_on_drawn_ink_at_any_box_shape[filter/rotary_scraper],ERROR,passed,removed,svg_quadratic_fixture,yes,"All 492 errors share odd_box_sheets -> fs.to_svg -> _baked. That exception is SVG-only, but the generator discarded the fixed source aspect: native draw.io retained it while portgeom stretched its ports. Desktop 31.4.4 confirms the resulting diagonal approach. Preserving the source aspect and native connection rectangle fixes the shared cause and clears all setup errors; direct anisotropic Q baking remains SVG-only.",
tests/test_symbol_invariants.py::test_ports_land_on_drawn_ink_at_any_box_shape[fitting/averaging_pitot],ERROR,passed,removed,svg_quadratic_fixture,yes,"All 492 errors share odd_box_sheets -> fs.to_svg -> _baked. That exception is SVG-only, but the generator discarded the fixed source aspect: native draw.io retained it while portgeom stretched its ports. Desktop 31.4.4 confirms the resulting diagonal approach. Preserving the source aspect and native connection rectangle fixes the shared cause and clears all setup errors; direct anisotropic Q baking remains SVG-only.",
tests/test_symbol_invariants.py::test_ports_land_on_drawn_ink_at_any_box_shape[fitting/bellows],ERROR,passed,removed,svg_quadratic_fixture,yes,"All 492 errors share odd_box_sheets -> fs.to_svg -> _baked. That exception is SVG-only, but the generator discarded the fixed source aspect: native draw.io retained it while portgeom stretched its ports. Desktop 31.4.4 confirms the resulting diagonal approach. Preserving the source aspect and native connection rectangle fixes the shared cause and clears all setup errors; direct anisotropic Q baking remains SVG-only.",
tests/test_symbol_invariants.py::test_ports_land_on_drawn_ink_at_any_box_shape[fitting/blind],ERROR,passed,removed,svg_quadratic_fixture,yes,"All 492 errors share odd_box_sheets -> fs.to_svg -> _baked. That exception is SVG-only, but the generator discarded the fixed source aspect: native draw.io retained it while portgeom stretched its ports. Desktop 31.4.4 confirms the resulting diagonal approach. Preserving the source aspect and native connection rectangle fixes the shared cause and clears all setup errors; direct anisotropic Q baking remains SVG-only.",
tests/test_symbol_invariants.py::test_ports_land_on_drawn_ink_at_any_box_shape[fitting/clamped_coupling],ERROR,passed,removed,svg_quadratic_fixture,yes,"All 492 errors share odd_box_sheets -> fs.to_svg -> _baked. That exception is SVG-only, but the generator discarded the fixed source aspect: native draw.io retained it while portgeom stretched its ports. Desktop 31.4.4 confirms the resulting diagonal approach. Preserving the source aspect and native connection rectangle fixes the shared cause and clears all setup errors; direct anisotropic Q baking remains SVG-only.",
tests/test_symbol_invariants.py::test_ports_land_on_drawn_ink_at_any_box_shape[fitting/coriolis],ERROR,passed,removed,svg_quadratic_fixture,yes,"All 492 errors share odd_box_sheets -> fs.to_svg -> _baked. That exception is SVG-only, but the generator discarded the fixed source aspect: native draw.io retained it while portgeom stretched its ports. Desktop 31.4.4 confirms the resulting diagonal approach. Preserving the source aspect and native connection rectangle fixes the shared cause and clears all setup errors; direct anisotropic Q baking remains SVG-only.",
tests/test_symbol_invariants.py::test_ports_land_on_drawn_ink_at_any_box_shape[fitting/coupling],ERROR,passed,removed,svg_quadratic_fixture,yes,"All 492 errors share odd_box_sheets -> fs.to_svg -> _baked. That exception is SVG-only, but the generator discarded the fixed source aspect: native draw.io retained it while portgeom stretched its ports. Desktop 31.4.4 confirms the resulting diagonal approach. Preserving the source aspect and native connection rectangle fixes the shared cause and clears all setup errors; direct anisotropic Q baking remains SVG-only.",
tests/test_symbol_invariants.py::test_ports_land_on_drawn_ink_at_any_box_shape[fitting/damper],ERROR,passed,removed,svg_quadratic_fixture,yes,"All 492 errors share odd_box_sheets -> fs.to_svg -> _baked. That exception is SVG-only, but the generator discarded the fixed source aspect: native draw.io retained it while portgeom stretched its ports. Desktop 31.4.4 confirms the resulting diagonal approach. Preserving the source aspect and native connection rectangle fixes the shared cause and clears all setup errors; direct anisotropic Q baking remains SVG-only.",
tests/test_symbol_invariants.py::test_ports_land_on_drawn_ink_at_any_box_shape[fitting/default],ERROR,passed,removed,svg_quadratic_fixture,yes,"All 492 errors share odd_box_sheets -> fs.to_svg -> _baked. That exception is SVG-only, but the generator discarded the fixed source aspect: native draw.io retained it while portgeom stretched its ports. Desktop 31.4.4 confirms the resulting diagonal approach. Preserving the source aspect and native connection rectangle fixes the shared cause and clears all setup errors; direct anisotropic Q baking remains SVG-only.",
tests/test_symbol_invariants.py::test_ports_land_on_drawn_ink_at_any_box_shape[fitting/expansion_joint],ERROR,passed,removed,svg_quadratic_fixture,yes,"All 492 errors share odd_box_sheets -> fs.to_svg -> _baked. That exception is SVG-only, but the generator discarded the fixed source aspect: native draw.io retained it while portgeom stretched its ports. Desktop 31.4.4 confirms the resulting diagonal approach. Preserving the source aspect and native connection rectangle fixes the shared cause and clears all setup errors; direct anisotropic Q baking remains SVG-only.",
tests/test_symbol_invariants.py::test_ports_land_on_drawn_ink_at_any_box_shape[fitting/flame_arrestor],ERROR,passed,removed,svg_quadratic_fixture,yes,"All 492 errors share odd_box_sheets -> fs.to_svg -> _baked. That exception is SVG-only, but the generator discarded the fixed source aspect: native draw.io retained it while portgeom stretched its ports. Desktop 31.4.4 confirms the resulting diagonal approach. Preserving the source aspect and native connection rectangle fixes the shared cause and clears all setup errors; direct anisotropic Q baking remains SVG-only.",
tests/test_symbol_invariants.py::test_ports_land_on_drawn_ink_at_any_box_shape[fitting/flame_arrestor_detonation_proof],ERROR,passed,removed,svg_quadratic_fixture,yes,"All 492 errors share odd_box_sheets -> fs.to_svg -> _baked. That exception is SVG-only, but the generator discarded the fixed source aspect: native draw.io retained it while portgeom stretched its ports. Desktop 31.4.4 confirms the resulting diagonal approach. Preserving the source aspect and native connection rectangle fixes the shared cause and clears all setup errors; direct anisotropic Q baking remains SVG-only.",
tests/test_symbol_invariants.py::test_ports_land_on_drawn_ink_at_any_box_shape[fitting/flame_arrestor_explosion_proof],ERROR,passed,removed,svg_quadratic_fixture,yes,"All 492 errors share odd_box_sheets -> fs.to_svg -> _baked. That exception is SVG-only, but the generator discarded the fixed source aspect: native draw.io retained it while portgeom stretched its ports. Desktop 31.4.4 confirms the resulting diagonal approach. Preserving the source aspect and native connection rectangle fixes the shared cause and clears all setup errors; direct anisotropic Q baking remains SVG-only.",
tests/test_symbol_invariants.py::test_ports_land_on_drawn_ink_at_any_box_shape[fitting/flame_arrestor_fire_resistant],ERROR,passed,removed,svg_quadratic_fixture,yes,"All 492 errors share odd_box_sheets -> fs.to_svg -> _baked. That exception is SVG-only, but the generator discarded the fixed source aspect: native draw.io retained it while portgeom stretched its ports. Desktop 31.4.4 confirms the resulting diagonal approach. Preserving the source aspect and native connection rectangle fixes the shared cause and clears all setup errors; direct anisotropic Q baking remains SVG-only.",
tests/test_symbol_invariants.py::test_ports_land_on_drawn_ink_at_any_box_shape[fitting/flange],ERROR,passed,removed,svg_quadratic_fixture,yes,"All 492 errors share odd_box_sheets -> fs.to_svg -> _baked. That exception is SVG-only, but the generator discarded the fixed source aspect: native draw.io retained it while portgeom stretched its ports. Desktop 31.4.4 confirms the resulting diagonal approach. Preserving the source aspect and native connection rectangle fixes the shared cause and clears all setup errors; direct anisotropic Q baking remains SVG-only.",
tests/test_symbol_invariants.py::test_ports_land_on_drawn_ink_at_any_box_shape[fitting/flow_nozzle],ERROR,passed,removed,svg_quadratic_fixture,yes,"All 492 errors share odd_box_sheets -> fs.to_svg -> _baked. That exception is SVG-only, but the generator discarded the fixed source aspect: native draw.io retained it while portgeom stretched its ports. Desktop 31.4.4 confirms the resulting diagonal approach. Preserving the source aspect and native connection rectangle fixes the shared cause and clears all setup errors; direct anisotropic Q baking remains SVG-only.",
tests/test_symbol_invariants.py::test_ports_land_on_drawn_ink_at_any_box_shape[fitting/hose],ERROR,passed,removed,svg_quadratic_fixture,yes,"All 492 errors share odd_box_sheets -> fs.to_svg -> _baked. That exception is SVG-only, but the generator discarded the fixed source aspect: native draw.io retained it while portgeom stretched its ports. Desktop 31.4.4 confirms the resulting diagonal approach. Preserving the source aspect and native connection rectangle fixes the shared cause and clears all setup errors; direct anisotropic Q baking remains SVG-only.",
tests/test_symbol_invariants.py::test_ports_land_on_drawn_ink_at_any_box_shape[fitting/magnetic],ERROR,passed,removed,svg_quadratic_fixture,yes,"All 492 errors share odd_box_sheets -> fs.to_svg -> _baked. That exception is SVG-only, but the generator discarded the fixed source aspect: native draw.io retained it while portgeom stretched its ports. Desktop 31.4.4 confirms the resulting diagonal approach. Preserving the source aspect and native connection rectangle fixes the shared cause and clears all setup errors; direct anisotropic Q baking remains SVG-only.",
tests/test_symbol_invariants.py::test_ports_land_on_drawn_ink_at_any_box_shape[fitting/mixing_path],ERROR,passed,removed,svg_quadratic_fixture,yes,"All 492 errors share odd_box_sheets -> fs.to_svg -> _baked. That exception is SVG-only, but the generator discarded the fixed source aspect: native draw.io retained it while portgeom stretched its ports. Desktop 31.4.4 confirms the resulting diagonal approach. Preserving the source aspect and native connection rectangle fixes the shared cause and clears all setup errors; direct anisotropic Q baking remains SVG-only.",
tests/test_symbol_invariants.py::test_ports_land_on_drawn_ink_at_any_box_shape[fitting/orifice],ERROR,passed,removed,svg_quadratic_fixture,yes,"All 492 errors share odd_box_sheets -> fs.to_svg -> _baked. That exception is SVG-only, but the generator discarded the fixed source aspect: native draw.io retained it while portgeom stretched its ports. Desktop 31.4.4 confirms the resulting diagonal approach. Preserving the source aspect and native connection rectangle fixes the shared cause and clears all setup errors; direct anisotropic Q baking remains SVG-only.",
tests/test_symbol_invariants.py::test_ports_land_on_drawn_ink_at_any_box_shape[fitting/pitot],ERROR,passed,removed,svg_quadratic_fixture,yes,"All 492 errors share odd_box_sheets -> fs.to_svg -> _baked. That exception is SVG-only, but the generator discarded the fixed source aspect: native draw.io retained it while portgeom stretched its ports. Desktop 31.4.4 confirms the resulting diagonal approach. Preserving the source aspect and native connection rectangle fixes the shared cause and clears all setup errors; direct anisotropic Q baking remains SVG-only.",
tests/test_symbol_invariants.py::test_ports_land_on_drawn_ink_at_any_box_shape[fitting/positive_displacement],ERROR,passed,removed,svg_quadratic_fixture,yes,"All 492 errors share odd_box_sheets -> fs.to_svg -> _baked. That exception is SVG-only, but the generator discarded the fixed source aspect: native draw.io retained it while portgeom stretched its ports. Desktop 31.4.4 confirms the resulting diagonal approach. Preserving the source aspect and native connection rectangle fixes the shared cause and clears all setup errors; direct anisotropic Q baking remains SVG-only.",
tests/test_symbol_invariants.py::test_ports_land_on_drawn_ink_at_any_box_shape[fitting/rotameter],ERROR,passed,removed,svg_quadratic_fixture,yes,"All 492 errors share odd_box_sheets -> fs.to_svg -> _baked. That exception is SVG-only, but the generator discarded the fixed source aspect: native draw.io retained it while portgeom stretched its ports. Desktop 31.4.4 confirms the resulting diagonal approach. Preserving the source aspect and native connection rectangle fixes the shared cause and clears all setup errors; direct anisotropic Q baking remains SVG-only.",
tests/test_symbol_invariants.py::test_ports_land_on_drawn_ink_at_any_box_shape[fitting/rotary_mixer],ERROR,passed,removed,svg_quadratic_fixture,yes,"All 492 errors share odd_box_sheets -> fs.to_svg -> _baked. That exception is SVG-only, but the generator discarded the fixed source aspect: native draw.io retained it while portgeom stretched its ports. Desktop 31.4.4 confirms the resulting diagonal approach. Preserving the source aspect and native connection rectangle fixes the shared cause and clears all setup errors; direct anisotropic Q baking remains SVG-only.",
tests/test_symbol_invariants.py::test_ports_land_on_drawn_ink_at_any_box_shape[fitting/rupture_disc],ERROR,passed,removed,svg_quadratic_fixture,yes,"All 492 errors share odd_box_sheets -> fs.to_svg -> _baked. That exception is SVG-only, but the generator discarded the fixed source aspect: native draw.io retained it while portgeom stretched its ports. Desktop 31.4.4 confirms the resulting diagonal approach. Preserving the source aspect and native connection rectangle fixes the shared cause and clears all setup errors; direct anisotropic Q baking remains SVG-only.",
tests/test_symbol_invariants.py::test_ports_land_on_drawn_ink_at_any_box_shape[fitting/sight_glass],ERROR,passed,removed,svg_quadratic_fixture,yes,"All 492 errors share odd_box_sheets -> fs.to_svg -> _baked. That exception is SVG-only, but the generator discarded the fixed source aspect: native draw.io retained it while portgeom stretched its ports. Desktop 31.4.4 confirms the resulting diagonal approach. Preserving the source aspect and native connection rectangle fixes the shared cause and clears all setup errors; direct anisotropic Q baking remains SVG-only.",
tests/test_symbol_invariants.py::test_ports_land_on_drawn_ink_at_any_box_shape[fitting/sight_glass_lit],ERROR,passed,removed,svg_quadratic_fixture,yes,"All 492 errors share odd_box_sheets -> fs.to_svg -> _baked. That exception is SVG-only, but the generator discarded the fixed source aspect: native draw.io retained it while portgeom stretched its ports. Desktop 31.4.4 confirms the resulting diagonal approach. Preserving the source aspect and native connection rectangle fixes the shared cause and clears all setup errors; direct anisotropic Q baking remains SVG-only.",
tests/test_symbol_invariants.py::test_ports_land_on_drawn_ink_at_any_box_shape[fitting/silencer],ERROR,passed,removed,svg_quadratic_fixture,yes,"All 492 errors share odd_box_sheets -> fs.to_svg -> _baked. That exception is SVG-only, but the generator discarded the fixed source aspect: native draw.io retained it while portgeom stretched its ports. Desktop 31.4.4 confirms the resulting diagonal approach. Preserving the source aspect and native connection rectangle fixes the shared cause and clears all setup errors; direct anisotropic Q baking remains SVG-only.",
tests/test_symbol_invariants.py::test_ports_land_on_drawn_ink_at_any_box_shape[fitting/spool],ERROR,passed,removed,svg_quadratic_fixture,yes,"All 492 errors share odd_box_sheets -> fs.to_svg -> _baked. That exception is SVG-only, but the generator discarded the fixed source aspect: native draw.io retained it while portgeom stretched its ports. Desktop 31.4.4 confirms the resulting diagonal approach. Preserving the source aspect and native connection rectangle fixes the shared cause and clears all setup errors; direct anisotropic Q baking remains SVG-only.",
tests/test_symbol_invariants.py::test_ports_land_on_drawn_ink_at_any_box_shape[fitting/static_mixer],ERROR,passed,removed,svg_quadratic_fixture,yes,"All 492 errors share odd_box_sheets -> fs.to_svg -> _baked. That exception is SVG-only, but the generator discarded the fixed source aspect: native draw.io retained it while portgeom stretched its ports. Desktop 31.4.4 confirms the resulting diagonal approach. Preserving the source aspect and native connection rectangle fixes the shared cause and clears all setup errors; direct anisotropic Q baking remains SVG-only.",
tests/test_symbol_invariants.py::test_ports_land_on_drawn_ink_at_any_box_shape[fitting/steam_trap],ERROR,passed,removed,svg_quadratic_fixture,yes,"All 492 errors share odd_box_sheets -> fs.to_svg -> _baked. That exception is SVG-only, but the generator discarded the fixed source aspect: native draw.io retained it while portgeom stretched its ports. Desktop 31.4.4 confirms the resulting diagonal approach. Preserving the source aspect and native connection rectangle fixes the shared cause and clears all setup errors; direct anisotropic Q baking remains SVG-only.",
tests/test_symbol_invariants.py::test_ports_land_on_drawn_ink_at_any_box_shape[fitting/strainer],ERROR,passed,removed,svg_quadratic_fixture,yes,"All 492 errors share odd_box_sheets -> fs.to_svg -> _baked. That exception is SVG-only, but the generator discarded the fixed source aspect: native draw.io retained it while portgeom stretched its ports. Desktop 31.4.4 confirms the resulting diagonal approach. Preserving the source aspect and native connection rectangle fixes the shared cause and clears all setup errors; direct anisotropic Q baking remains SVG-only.",
tests/test_symbol_invariants.py::test_ports_land_on_drawn_ink_at_any_box_shape[fitting/strainer_basket],ERROR,passed,removed,svg_quadratic_fixture,yes,"All 492 errors share odd_box_sheets -> fs.to_svg -> _baked. That exception is SVG-only, but the generator discarded the fixed source aspect: native draw.io retained it while portgeom stretched its ports. Desktop 31.4.4 confirms the resulting diagonal approach. Preserving the source aspect and native connection rectangle fixes the shared cause and clears all setup errors; direct anisotropic Q baking remains SVG-only.",
tests/test_symbol_invariants.py::test_ports_land_on_drawn_ink_at_any_box_shape[fitting/strainer_cone],ERROR,passed,removed,svg_quadratic_fixture,yes,"All 492 errors share odd_box_sheets -> fs.to_svg -> _baked. That exception is SVG-only, but the generator discarded the fixed source aspect: native draw.io retained it while portgeom stretched its ports. Desktop 31.4.4 confirms the resulting diagonal approach. Preserving the source aspect and native connection rectangle fixes the shared cause and clears all setup errors; direct anisotropic Q baking remains SVG-only.",
tests/test_symbol_invariants.py::test_ports_land_on_drawn_ink_at_any_box_shape[fitting/strainer_duplex],ERROR,passed,removed,svg_quadratic_fixture,yes,"All 492 errors share odd_box_sheets -> fs.to_svg -> _baked. That exception is SVG-only, but the generator discarded the fixed source aspect: native draw.io retained it while portgeom stretched its ports. Desktop 31.4.4 confirms the resulting diagonal approach. Preserving the source aspect and native connection rectangle fixes the shared cause and clears all setup errors; direct anisotropic Q baking remains SVG-only.",
tests/test_symbol_invariants.py::test_ports_land_on_drawn_ink_at_any_box_shape[fitting/strainer_y],ERROR,passed,removed,svg_quadratic_fixture,yes,"All 492 errors share odd_box_sheets -> fs.to_svg -> _baked. That exception is SVG-only, but the generator discarded the fixed source aspect: native draw.io retained it while portgeom stretched its ports. Desktop 31.4.4 confirms the resulting diagonal approach. Preserving the source aspect and native connection rectangle fixes the shared cause and clears all setup errors; direct anisotropic Q baking remains SVG-only.",
tests/test_symbol_invariants.py::test_ports_land_on_drawn_ink_at_any_box_shape[fitting/target],ERROR,passed,removed,svg_quadratic_fixture,yes,"All 492 errors share odd_box_sheets -> fs.to_svg -> _baked. That exception is SVG-only, but the generator discarded the fixed source aspect: native draw.io retained it while portgeom stretched its ports. Desktop 31.4.4 confirms the resulting diagonal approach. Preserving the source aspect and native connection rectangle fixes the shared cause and clears all setup errors; direct anisotropic Q baking remains SVG-only.",
tests/test_symbol_invariants.py::test_ports_land_on_drawn_ink_at_any_box_shape[fitting/turbine_meter],ERROR,passed,removed,svg_quadratic_fixture,yes,"All 492 errors share odd_box_sheets -> fs.to_svg -> _baked. That exception is SVG-only, but the generator discarded the fixed source aspect: native draw.io retained it while portgeom stretched its ports. Desktop 31.4.4 confirms the resulting diagonal approach. Preserving the source aspect and native connection rectangle fixes the shared cause and clears all setup errors; direct anisotropic Q baking remains SVG-only.",
tests/test_symbol_invariants.py::test_ports_land_on_drawn_ink_at_any_box_shape[fitting/ultrasonic],ERROR,passed,removed,svg_quadratic_fixture,yes,"All 492 errors share odd_box_sheets -> fs.to_svg -> _baked. That exception is SVG-only, but the generator discarded the fixed source aspect: native draw.io retained it while portgeom stretched its ports. Desktop 31.4.4 confirms the resulting diagonal approach. Preserving the source aspect and native connection rectangle fixes the shared cause and clears all setup errors; direct anisotropic Q baking remains SVG-only.",
tests/test_symbol_invariants.py::test_ports_land_on_drawn_ink_at_any_box_shape[fitting/v_cone],ERROR,passed,removed,svg_quadratic_fixture,yes,"All 492 errors share odd_box_sheets -> fs.to_svg -> _baked. That exception is SVG-only, but the generator discarded the fixed source aspect: native draw.io retained it while portgeom stretched its ports. Desktop 31.4.4 confirms the resulting diagonal approach. Preserving the source aspect and native connection rectangle fixes the shared cause and clears all setup errors; direct anisotropic Q baking remains SVG-only.",
tests/test_symbol_invariants.py::test_ports_land_on_drawn_ink_at_any_box_shape[fitting/venturi],ERROR,passed,removed,svg_quadratic_fixture,yes,"All 492 errors share odd_box_sheets -> fs.to_svg -> _baked. That exception is SVG-only, but the generator discarded the fixed source aspect: native draw.io retained it while portgeom stretched its ports. Desktop 31.4.4 confirms the resulting diagonal approach. Preserving the source aspect and native connection rectangle fixes the shared cause and clears all setup errors; direct anisotropic Q baking remains SVG-only.",
tests/test_symbol_invariants.py::test_ports_land_on_drawn_ink_at_any_box_shape[fitting/vortex],ERROR,passed,removed,svg_quadratic_fixture,yes,"All 492 errors share odd_box_sheets -> fs.to_svg -> _baked. That exception is SVG-only, but the generator discarded the fixed source aspect: native draw.io retained it while portgeom stretched its ports. Desktop 31.4.4 confirms the resulting diagonal approach. Preserving the source aspect and native connection rectangle fixes the shared cause and clears all setup errors; direct anisotropic Q baking remains SVG-only.",
tests/test_symbol_invariants.py::test_ports_land_on_drawn_ink_at_any_box_shape[fitting/wedge],ERROR,passed,removed,svg_quadratic_fixture,yes,"All 492 errors share odd_box_sheets -> fs.to_svg -> _baked. That exception is SVG-only, but the generator discarded the fixed source aspect: native draw.io retained it while portgeom stretched its ports. Desktop 31.4.4 confirms the resulting diagonal approach. Preserving the source aspect and native connection rectangle fixes the shared cause and clears all setup errors; direct anisotropic Q baking remains SVG-only.",
tests/test_symbol_invariants.py::test_ports_land_on_drawn_ink_at_any_box_shape[flare/default],ERROR,passed,removed,svg_quadratic_fixture,yes,"All 492 errors share odd_box_sheets -> fs.to_svg -> _baked. That exception is SVG-only, but the generator discarded the fixed source aspect: native draw.io retained it while portgeom stretched its ports. Desktop 31.4.4 confirms the resulting diagonal approach. Preserving the source aspect and native connection rectangle fixes the shared cause and clears all setup errors; direct anisotropic Q baking remains SVG-only.",
tests/test_symbol_invariants.py::test_ports_land_on_drawn_ink_at_any_box_shape[funnel/default],ERROR,passed,removed,svg_quadratic_fixture,yes,"All 492 errors share odd_box_sheets -> fs.to_svg -> _baked. That exception is SVG-only, but the generator discarded the fixed source aspect: native draw.io retained it while portgeom stretched its ports. Desktop 31.4.4 confirms the resulting diagonal approach. Preserving the source aspect and native connection rectangle fixes the shared cause and clears all setup errors; direct anisotropic Q baking remains SVG-only.",
tests/test_symbol_invariants.py::test_ports_land_on_drawn_ink_at_any_box_shape[furnace/default],ERROR,passed,removed,svg_quadratic_fixture,yes,"All 492 errors share odd_box_sheets -> fs.to_svg -> _baked. That exception is SVG-only, but the generator discarded the fixed source aspect: native draw.io retained it while portgeom stretched its ports. Desktop 31.4.4 confirms the resulting diagonal approach. Preserving the source aspect and native connection rectangle fixes the shared cause and clears all setup errors; direct anisotropic Q baking remains SVG-only.",
tests/test_symbol_invariants.py::test_ports_land_on_drawn_ink_at_any_box_shape[heater/default],ERROR,passed,removed,svg_quadratic_fixture,yes,"All 492 errors share odd_box_sheets -> fs.to_svg -> _baked. That exception is SVG-only, but the generator discarded the fixed source aspect: native draw.io retained it while portgeom stretched its ports. Desktop 31.4.4 confirms the resulting diagonal approach. Preserving the source aspect and native connection rectangle fixes the shared cause and clears all setup errors; direct anisotropic Q baking remains SVG-only.",
tests/test_symbol_invariants.py::test_ports_land_on_drawn_ink_at_any_box_shape[hex/air_cooled],ERROR,passed,removed,svg_quadratic_fixture,yes,"All 492 errors share odd_box_sheets -> fs.to_svg -> _baked. That exception is SVG-only, but the generator discarded the fixed source aspect: native draw.io retained it while portgeom stretched its ports. Desktop 31.4.4 confirms the resulting diagonal approach. Preserving the source aspect and native connection rectangle fixes the shared cause and clears all setup errors; direct anisotropic Q baking remains SVG-only.",
tests/test_symbol_invariants.py::test_ports_land_on_drawn_ink_at_any_box_shape[hex/condenser],ERROR,passed,removed,svg_quadratic_fixture,yes,"All 492 errors share odd_box_sheets -> fs.to_svg -> _baked. That exception is SVG-only, but the generator discarded the fixed source aspect: native draw.io retained it while portgeom stretched its ports. Desktop 31.4.4 confirms the resulting diagonal approach. Preserving the source aspect and native connection rectangle fixes the shared cause and clears all setup errors; direct anisotropic Q baking remains SVG-only.",
tests/test_symbol_invariants.py::test_ports_land_on_drawn_ink_at_any_box_shape[hex/default],ERROR,passed,removed,svg_quadratic_fixture,yes,"All 492 errors share odd_box_sheets -> fs.to_svg -> _baked. That exception is SVG-only, but the generator discarded the fixed source aspect: native draw.io retained it while portgeom stretched its ports. Desktop 31.4.4 confirms the resulting diagonal approach. Preserving the source aspect and native connection rectangle fixes the shared cause and clears all setup errors; direct anisotropic Q baking remains SVG-only.",
tests/test_symbol_invariants.py::test_ports_land_on_drawn_ink_at_any_box_shape[hex/double_pipe],ERROR,passed,removed,svg_quadratic_fixture,yes,"All 492 errors share odd_box_sheets -> fs.to_svg -> _baked. That exception is SVG-only, but the generator discarded the fixed source aspect: native draw.io retained it while portgeom stretched its ports. Desktop 31.4.4 confirms the resulting diagonal approach. Preserving the source aspect and native connection rectangle fixes the shared cause and clears all setup errors; direct anisotropic Q baking remains SVG-only.",
tests/test_symbol_invariants.py::test_ports_land_on_drawn_ink_at_any_box_shape[hex/finned],ERROR,passed,removed,svg_quadratic_fixture,yes,"All 492 errors share odd_box_sheets -> fs.to_svg -> _baked. That exception is SVG-only, but the generator discarded the fixed source aspect: native draw.io retained it while portgeom stretched its ports. Desktop 31.4.4 confirms the resulting diagonal approach. Preserving the source aspect and native connection rectangle fixes the shared cause and clears all setup errors; direct anisotropic Q baking remains SVG-only.",
tests/test_symbol_invariants.py::test_ports_land_on_drawn_ink_at_any_box_shape[hex/hairpin],ERROR,passed,removed,svg_quadratic_fixture,yes,"All 492 errors share odd_box_sheets -> fs.to_svg -> _baked. That exception is SVG-only, but the generator discarded the fixed source aspect: native draw.io retained it while portgeom stretched its ports. Desktop 31.4.4 confirms the resulting diagonal approach. Preserving the source aspect and native connection rectangle fixes the shared cause and clears all setup errors; direct anisotropic Q baking remains SVG-only.",
tests/test_symbol_invariants.py::test_ports_land_on_drawn_ink_at_any_box_shape[hex/kettle],ERROR,passed,removed,svg_quadratic_fixture,yes,"All 492 errors share odd_box_sheets -> fs.to_svg -> _baked. That exception is SVG-only, but the generator discarded the fixed source aspect: native draw.io retained it while portgeom stretched its ports. Desktop 31.4.4 confirms the resulting diagonal approach. Preserving the source aspect and native connection rectangle fixes the shared cause and clears all setup errors; direct anisotropic Q baking remains SVG-only.",
tests/test_symbol_invariants.py::test_ports_land_on_drawn_ink_at_any_box_shape[hex/plate],ERROR,passed,removed,svg_quadratic_fixture,yes,"All 492 errors share odd_box_sheets -> fs.to_svg -> _baked. That exception is SVG-only, but the generator discarded the fixed source aspect: native draw.io retained it while portgeom stretched its ports. Desktop 31.4.4 confirms the resulting diagonal approach. Preserving the source aspect and native connection rectangle fixes the shared cause and clears all setup errors; direct anisotropic Q baking remains SVG-only.",
tests/test_symbol_invariants.py::test_ports_land_on_drawn_ink_at_any_box_shape[hex/shell_tube],ERROR,passed,removed,svg_quadratic_fixture,yes,"All 492 errors share odd_box_sheets -> fs.to_svg -> _baked. That exception is SVG-only, but the generator discarded the fixed source aspect: native draw.io retained it while portgeom stretched its ports. Desktop 31.4.4 confirms the resulting diagonal approach. Preserving the source aspect and native connection rectangle fixes the shared cause and clears all setup errors; direct anisotropic Q baking remains SVG-only.",
tests/test_symbol_invariants.py::test_ports_land_on_drawn_ink_at_any_box_shape[hex/spiral],ERROR,passed,removed,svg_quadratic_fixture,yes,"All 492 errors share odd_box_sheets -> fs.to_svg -> _baked. That exception is SVG-only, but the generator discarded the fixed source aspect: native draw.io retained it while portgeom stretched its ports. Desktop 31.4.4 confirms the resulting diagonal approach. Preserving the source aspect and native connection rectangle fixes the shared cause and clears all setup errors; direct anisotropic Q baking remains SVG-only.",
tests/test_symbol_invariants.py::test_ports_land_on_drawn_ink_at_any_box_shape[hex/straight_tubes],ERROR,passed,removed,svg_quadratic_fixture,yes,"All 492 errors share odd_box_sheets -> fs.to_svg -> _baked. That exception is SVG-only, but the generator discarded the fixed source aspect: native draw.io retained it while portgeom stretched its ports. Desktop 31.4.4 confirms the resulting diagonal approach. Preserving the source aspect and native connection rectangle fixes the shared cause and clears all setup errors; direct anisotropic Q baking remains SVG-only.",
tests/test_symbol_invariants.py::test_ports_land_on_drawn_ink_at_any_box_shape[hex/thin_film],ERROR,passed,removed,svg_quadratic_fixture,yes,"All 492 errors share odd_box_sheets -> fs.to_svg -> _baked. That exception is SVG-only, but the generator discarded the fixed source aspect: native draw.io retained it while portgeom stretched its ports. Desktop 31.4.4 confirms the resulting diagonal approach. Preserving the source aspect and native connection rectangle fixes the shared cause and clears all setup errors; direct anisotropic Q baking remains SVG-only.",
tests/test_symbol_invariants.py::test_ports_land_on_drawn_ink_at_any_box_shape[hex/u_tube],ERROR,passed,removed,svg_quadratic_fixture,yes,"All 492 errors share odd_box_sheets -> fs.to_svg -> _baked. That exception is SVG-only, but the generator discarded the fixed source aspect: native draw.io retained it while portgeom stretched its ports. Desktop 31.4.4 confirms the resulting diagonal approach. Preserving the source aspect and native connection rectangle fixes the shared cause and clears all setup errors; direct anisotropic Q baking remains SVG-only.",
tests/test_symbol_invariants.py::test_ports_land_on_drawn_ink_at_any_box_shape[instrument/aux],ERROR,passed,removed,svg_quadratic_fixture,yes,"All 492 errors share odd_box_sheets -> fs.to_svg -> _baked. That exception is SVG-only, but the generator discarded the fixed source aspect: native draw.io retained it while portgeom stretched its ports. Desktop 31.4.4 confirms the resulting diagonal approach. Preserving the source aspect and native connection rectangle fixes the shared cause and clears all setup errors; direct anisotropic Q baking remains SVG-only.",
tests/test_symbol_invariants.py::test_ports_land_on_drawn_ink_at_any_box_shape[instrument/computer],ERROR,passed,removed,svg_quadratic_fixture,yes,"All 492 errors share odd_box_sheets -> fs.to_svg -> _baked. That exception is SVG-only, but the generator discarded the fixed source aspect: native draw.io retained it while portgeom stretched its ports. Desktop 31.4.4 confirms the resulting diagonal approach. Preserving the source aspect and native connection rectangle fixes the shared cause and clears all setup errors; direct anisotropic Q baking remains SVG-only.",
tests/test_symbol_invariants.py::test_ports_land_on_drawn_ink_at_any_box_shape[instrument/default],ERROR,passed,removed,svg_quadratic_fixture,yes,"All 492 errors share odd_box_sheets -> fs.to_svg -> _baked. That exception is SVG-only, but the generator discarded the fixed source aspect: native draw.io retained it while portgeom stretched its ports. Desktop 31.4.4 confirms the resulting diagonal approach. Preserving the source aspect and native connection rectangle fixes the shared cause and clears all setup errors; direct anisotropic Q baking remains SVG-only.",
tests/test_symbol_invariants.py::test_ports_land_on_drawn_ink_at_any_box_shape[instrument/interlock],ERROR,passed,removed,svg_quadratic_fixture,yes,"All 492 errors share odd_box_sheets -> fs.to_svg -> _baked. That exception is SVG-only, but the generator discarded the fixed source aspect: native draw.io retained it while portgeom stretched its ports. Desktop 31.4.4 confirms the resulting diagonal approach. Preserving the source aspect and native connection rectangle fixes the shared cause and clears all setup errors; direct anisotropic Q baking remains SVG-only.",
tests/test_symbol_invariants.py::test_ports_land_on_drawn_ink_at_any_box_shape[instrument/logic],ERROR,passed,removed,svg_quadratic_fixture,yes,"All 492 errors share odd_box_sheets -> fs.to_svg -> _baked. That exception is SVG-only, but the generator discarded the fixed source aspect: native draw.io retained it while portgeom stretched its ports. Desktop 31.4.4 confirms the resulting diagonal approach. Preserving the source aspect and native connection rectangle fixes the shared cause and clears all setup errors; direct anisotropic Q baking remains SVG-only.",
tests/test_symbol_invariants.py::test_ports_land_on_drawn_ink_at_any_box_shape[instrument/panel],ERROR,passed,removed,svg_quadratic_fixture,yes,"All 492 errors share odd_box_sheets -> fs.to_svg -> _baked. That exception is SVG-only, but the generator discarded the fixed source aspect: native draw.io retained it while portgeom stretched its ports. Desktop 31.4.4 confirms the resulting diagonal approach. Preserving the source aspect and native connection rectangle fixes the shared cause and clears all setup errors; direct anisotropic Q baking remains SVG-only.",
tests/test_symbol_invariants.py::test_ports_land_on_drawn_ink_at_any_box_shape[instrument/shared],ERROR,passed,removed,svg_quadratic_fixture,yes,"All 492 errors share odd_box_sheets -> fs.to_svg -> _baked. That exception is SVG-only, but the generator discarded the fixed source aspect: native draw.io retained it while portgeom stretched its ports. Desktop 31.4.4 confirms the resulting diagonal approach. Preserving the source aspect and native connection rectangle fixes the shared cause and clears all setup errors; direct anisotropic Q baking remains SVG-only.",
tests/test_symbol_invariants.py::test_ports_land_on_drawn_ink_at_any_box_shape[instrument/sis],ERROR,passed,removed,svg_quadratic_fixture,yes,"All 492 errors share odd_box_sheets -> fs.to_svg -> _baked. That exception is SVG-only, but the generator discarded the fixed source aspect: native draw.io retained it while portgeom stretched its ports. Desktop 31.4.4 confirms the resulting diagonal approach. Preserving the source aspect and native connection rectangle fixes the shared cause and clears all setup errors; direct anisotropic Q baking remains SVG-only.",
tests/test_symbol_invariants.py::test_ports_land_on_drawn_ink_at_any_box_shape[junction/default],ERROR,passed,removed,svg_quadratic_fixture,yes,"All 492 errors share odd_box_sheets -> fs.to_svg -> _baked. That exception is SVG-only, but the generator discarded the fixed source aspect: native draw.io retained it while portgeom stretched its ports. Desktop 31.4.4 confirms the resulting diagonal approach. Preserving the source aspect and native connection rectangle fixes the shared cause and clears all setup errors; direct anisotropic Q baking remains SVG-only.",
tests/test_symbol_invariants.py::test_ports_land_on_drawn_ink_at_any_box_shape[kiln/default],ERROR,passed,removed,svg_quadratic_fixture,yes,"All 492 errors share odd_box_sheets -> fs.to_svg -> _baked. That exception is SVG-only, but the generator discarded the fixed source aspect: native draw.io retained it while portgeom stretched its ports. Desktop 31.4.4 confirms the resulting diagonal approach. Preserving the source aspect and native connection rectangle fixes the shared cause and clears all setup errors; direct anisotropic Q baking remains SVG-only.",
tests/test_symbol_invariants.py::test_ports_land_on_drawn_ink_at_any_box_shape[kiln/fluidized_bed],ERROR,passed,removed,svg_quadratic_fixture,yes,"All 492 errors share odd_box_sheets -> fs.to_svg -> _baked. That exception is SVG-only, but the generator discarded the fixed source aspect: native draw.io retained it while portgeom stretched its ports. Desktop 31.4.4 confirms the resulting diagonal approach. Preserving the source aspect and native connection rectangle fixes the shared cause and clears all setup errors; direct anisotropic Q baking remains SVG-only.",
tests/test_symbol_invariants.py::test_ports_land_on_drawn_ink_at_any_box_shape[kiln/shaft],ERROR,passed,removed,svg_quadratic_fixture,yes,"All 492 errors share odd_box_sheets -> fs.to_svg -> _baked. That exception is SVG-only, but the generator discarded the fixed source aspect: native draw.io retained it while portgeom stretched its ports. Desktop 31.4.4 confirms the resulting diagonal approach. Preserving the source aspect and native connection rectangle fixes the shared cause and clears all setup errors; direct anisotropic Q baking remains SVG-only.",
tests/test_symbol_invariants.py::test_ports_land_on_drawn_ink_at_any_box_shape[kneader/default],ERROR,passed,removed,svg_quadratic_fixture,yes,"All 492 errors share odd_box_sheets -> fs.to_svg -> _baked. That exception is SVG-only, but the generator discarded the fixed source aspect: native draw.io retained it while portgeom stretched its ports. Desktop 31.4.4 confirms the resulting diagonal approach. Preserving the source aspect and native connection rectangle fixes the shared cause and clears all setup errors; direct anisotropic Q baking remains SVG-only.",
tests/test_symbol_invariants.py::test_ports_land_on_drawn_ink_at_any_box_shape[liquid_screen/coarse_rake],ERROR,passed,removed,svg_quadratic_fixture,yes,"All 492 errors share odd_box_sheets -> fs.to_svg -> _baked. That exception is SVG-only, but the generator discarded the fixed source aspect: native draw.io retained it while portgeom stretched its ports. Desktop 31.4.4 confirms the resulting diagonal approach. Preserving the source aspect and native connection rectangle fixes the shared cause and clears all setup errors; direct anisotropic Q baking remains SVG-only.",
tests/test_symbol_invariants.py::test_ports_land_on_drawn_ink_at_any_box_shape[liquid_screen/default],ERROR,passed,removed,svg_quadratic_fixture,yes,"All 492 errors share odd_box_sheets -> fs.to_svg -> _baked. That exception is SVG-only, but the generator discarded the fixed source aspect: native draw.io retained it while portgeom stretched its ports. Desktop 31.4.4 confirms the resulting diagonal approach. Preserving the source aspect and native connection rectangle fixes the shared cause and clears all setup errors; direct anisotropic Q baking remains SVG-only.",
tests/test_symbol_invariants.py::test_ports_land_on_drawn_ink_at_any_box_shape[liquid_screen/fine_rake],ERROR,passed,removed,svg_quadratic_fixture,yes,"All 492 errors share odd_box_sheets -> fs.to_svg -> _baked. That exception is SVG-only, but the generator discarded the fixed source aspect: native draw.io retained it while portgeom stretched its ports. Desktop 31.4.4 confirms the resulting diagonal approach. Preserving the source aspect and native connection rectangle fixes the shared cause and clears all setup errors; direct anisotropic Q baking remains SVG-only.",
tests/test_symbol_invariants.py::test_ports_land_on_drawn_ink_at_any_box_shape[membrane_cage/default],ERROR,passed,removed,svg_quadratic_fixture,yes,"All 492 errors share odd_box_sheets -> fs.to_svg -> _baked. That exception is SVG-only, but the generator discarded the fixed source aspect: native draw.io retained it while portgeom stretched its ports. Desktop 31.4.4 confirms the resulting diagonal approach. Preserving the source aspect and native connection rectangle fixes the shared cause and clears all setup errors; direct anisotropic Q baking remains SVG-only.",
tests/test_symbol_invariants.py::test_ports_land_on_drawn_ink_at_any_box_shape[mill/default],ERROR,passed,removed,svg_quadratic_fixture,yes,"All 492 errors share odd_box_sheets -> fs.to_svg -> _baked. That exception is SVG-only, but the generator discarded the fixed source aspect: native draw.io retained it while portgeom stretched its ports. Desktop 31.4.4 confirms the resulting diagonal approach. Preserving the source aspect and native connection rectangle fixes the shared cause and clears all setup errors; direct anisotropic Q baking remains SVG-only.",
tests/test_symbol_invariants.py::test_ports_land_on_drawn_ink_at_any_box_shape[mill/hammer],ERROR,passed,removed,svg_quadratic_fixture,yes,"All 492 errors share odd_box_sheets -> fs.to_svg -> _baked. That exception is SVG-only, but the generator discarded the fixed source aspect: native draw.io retained it while portgeom stretched its ports. Desktop 31.4.4 confirms the resulting diagonal approach. Preserving the source aspect and native connection rectangle fixes the shared cause and clears all setup errors; direct anisotropic Q baking remains SVG-only.",
tests/test_symbol_invariants.py::test_ports_land_on_drawn_ink_at_any_box_shape[mill/impact],ERROR,passed,removed,svg_quadratic_fixture,yes,"All 492 errors share odd_box_sheets -> fs.to_svg -> _baked. That exception is SVG-only, but the generator discarded the fixed source aspect: native draw.io retained it while portgeom stretched its ports. Desktop 31.4.4 confirms the resulting diagonal approach. Preserving the source aspect and native connection rectangle fixes the shared cause and clears all setup errors; direct anisotropic Q baking remains SVG-only.",
tests/test_symbol_invariants.py::test_ports_land_on_drawn_ink_at_any_box_shape[mill/roller],ERROR,passed,removed,svg_quadratic_fixture,yes,"All 492 errors share odd_box_sheets -> fs.to_svg -> _baked. That exception is SVG-only, but the generator discarded the fixed source aspect: native draw.io retained it while portgeom stretched its ports. Desktop 31.4.4 confirms the resulting diagonal approach. Preserving the source aspect and native connection rectangle fixes the shared cause and clears all setup errors; direct anisotropic Q baking remains SVG-only.",
tests/test_symbol_invariants.py::test_ports_land_on_drawn_ink_at_any_box_shape[mill/vibration],ERROR,passed,removed,svg_quadratic_fixture,yes,"All 492 errors share odd_box_sheets -> fs.to_svg -> _baked. That exception is SVG-only, but the generator discarded the fixed source aspect: native draw.io retained it while portgeom stretched its ports. Desktop 31.4.4 confirms the resulting diagonal approach. Preserving the source aspect and native connection rectangle fixes the shared cause and clears all setup errors; direct anisotropic Q baking remains SVG-only.",
tests/test_symbol_invariants.py::test_ports_land_on_drawn_ink_at_any_box_shape[mixer/default],ERROR,passed,removed,svg_quadratic_fixture,yes,"All 492 errors share odd_box_sheets -> fs.to_svg -> _baked. That exception is SVG-only, but the generator discarded the fixed source aspect: native draw.io retained it while portgeom stretched its ports. Desktop 31.4.4 confirms the resulting diagonal approach. Preserving the source aspect and native connection rectangle fixes the shared cause and clears all setup errors; direct anisotropic Q baking remains SVG-only.",
tests/test_symbol_invariants.py::test_ports_land_on_drawn_ink_at_any_box_shape[product/default],ERROR,skipped,removed,svg_quadratic_fixture,yes,"All 492 errors share odd_box_sheets -> fs.to_svg -> _baked. That exception is SVG-only, but the generator discarded the fixed source aspect: native draw.io retained it while portgeom stretched its ports. Desktop 31.4.4 confirms the resulting diagonal approach. Preserving the source aspect and native connection rectangle fixes the shared cause and clears all setup errors; direct anisotropic Q baking remains SVG-only.",Setup error cleared; the existing test applies its unchanged kind/port skip rule.
tests/test_symbol_invariants.py::test_ports_land_on_drawn_ink_at_any_box_shape[pump/default],ERROR,passed,removed,svg_quadratic_fixture,yes,"All 492 errors share odd_box_sheets -> fs.to_svg -> _baked. That exception is SVG-only, but the generator discarded the fixed source aspect: native draw.io retained it while portgeom stretched its ports. Desktop 31.4.4 confirms the resulting diagonal approach. Preserving the source aspect and native connection rectangle fixes the shared cause and clears all setup errors; direct anisotropic Q baking remains SVG-only.",
tests/test_symbol_invariants.py::test_ports_land_on_drawn_ink_at_any_box_shape[pump/gear],ERROR,passed,removed,svg_quadratic_fixture,yes,"All 492 errors share odd_box_sheets -> fs.to_svg -> _baked. That exception is SVG-only, but the generator discarded the fixed source aspect: native draw.io retained it while portgeom stretched its ports. Desktop 31.4.4 confirms the resulting diagonal approach. Preserving the source aspect and native connection rectangle fixes the shared cause and clears all setup errors; direct anisotropic Q baking remains SVG-only.",
tests/test_symbol_invariants.py::test_ports_land_on_drawn_ink_at_any_box_shape[pump/peristaltic],ERROR,passed,removed,svg_quadratic_fixture,yes,"All 492 errors share odd_box_sheets -> fs.to_svg -> _baked. That exception is SVG-only, but the generator discarded the fixed source aspect: native draw.io retained it while portgeom stretched its ports. Desktop 31.4.4 confirms the resulting diagonal approach. Preserving the source aspect and native connection rectangle fixes the shared cause and clears all setup errors; direct anisotropic Q baking remains SVG-only.",
tests/test_symbol_invariants.py::test_ports_land_on_drawn_ink_at_any_box_shape[pump/rotary_lobe],ERROR,passed,removed,svg_quadratic_fixture,yes,"All 492 errors share odd_box_sheets -> fs.to_svg -> _baked. That exception is SVG-only, but the generator discarded the fixed source aspect: native draw.io retained it while portgeom stretched its ports. Desktop 31.4.4 confirms the resulting diagonal approach. Preserving the source aspect and native connection rectangle fixes the shared cause and clears all setup errors; direct anisotropic Q baking remains SVG-only.",
tests/test_symbol_invariants.py::test_ports_land_on_drawn_ink_at_any_box_shape[pump/screw],ERROR,passed,removed,svg_quadratic_fixture,yes,"All 492 errors share odd_box_sheets -> fs.to_svg -> _baked. That exception is SVG-only, but the generator discarded the fixed source aspect: native draw.io retained it while portgeom stretched its ports. Desktop 31.4.4 confirms the resulting diagonal approach. Preserving the source aspect and native connection rectangle fixes the shared cause and clears all setup errors; direct anisotropic Q baking remains SVG-only.",
tests/test_symbol_invariants.py::test_ports_land_on_drawn_ink_at_any_box_shape[pump/submersible],ERROR,passed,removed,svg_quadratic_fixture,yes,"All 492 errors share odd_box_sheets -> fs.to_svg -> _baked. That exception is SVG-only, but the generator discarded the fixed source aspect: native draw.io retained it while portgeom stretched its ports. Desktop 31.4.4 confirms the resulting diagonal approach. Preserving the source aspect and native connection rectangle fixes the shared cause and clears all setup errors; direct anisotropic Q baking remains SVG-only.",
tests/test_symbol_invariants.py::test_ports_land_on_drawn_ink_at_any_box_shape[pump/vacuum],ERROR,passed,removed,svg_quadratic_fixture,yes,"All 492 errors share odd_box_sheets -> fs.to_svg -> _baked. That exception is SVG-only, but the generator discarded the fixed source aspect: native draw.io retained it while portgeom stretched its ports. Desktop 31.4.4 confirms the resulting diagonal approach. Preserving the source aspect and native connection rectangle fixes the shared cause and clears all setup errors; direct anisotropic Q baking remains SVG-only.",
tests/test_symbol_invariants.py::test_ports_land_on_drawn_ink_at_any_box_shape[reactor/default],ERROR,passed,removed,svg_quadratic_fixture,yes,"All 492 errors share odd_box_sheets -> fs.to_svg -> _baked. That exception is SVG-only, but the generator discarded the fixed source aspect: native draw.io retained it while portgeom stretched its ports. Desktop 31.4.4 confirms the resulting diagonal approach. Preserving the source aspect and native connection rectangle fixes the shared cause and clears all setup errors; direct anisotropic Q baking remains SVG-only.",
tests/test_symbol_invariants.py::test_ports_land_on_drawn_ink_at_any_box_shape[reactor/jacketed],ERROR,passed,removed,svg_quadratic_fixture,yes,"All 492 errors share odd_box_sheets -> fs.to_svg -> _baked. That exception is SVG-only, but the generator discarded the fixed source aspect: native draw.io retained it while portgeom stretched its ports. Desktop 31.4.4 confirms the resulting diagonal approach. Preserving the source aspect and native connection rectangle fixes the shared cause and clears all setup errors; direct anisotropic Q baking remains SVG-only.",
tests/test_symbol_invariants.py::test_ports_land_on_drawn_ink_at_any_box_shape[reactor/mixing],ERROR,passed,removed,svg_quadratic_fixture,yes,"All 492 errors share odd_box_sheets -> fs.to_svg -> _baked. That exception is SVG-only, but the generator discarded the fixed source aspect: native draw.io retained it while portgeom stretched its ports. Desktop 31.4.4 confirms the resulting diagonal approach. Preserving the source aspect and native connection rectangle fixes the shared cause and clears all setup errors; direct anisotropic Q baking remains SVG-only.",
tests/test_symbol_invariants.py::test_ports_land_on_drawn_ink_at_any_box_shape[reactor/plain],ERROR,passed,removed,svg_quadratic_fixture,yes,"All 492 errors share odd_box_sheets -> fs.to_svg -> _baked. That exception is SVG-only, but the generator discarded the fixed source aspect: native draw.io retained it while portgeom stretched its ports. Desktop 31.4.4 confirms the resulting diagonal approach. Preserving the source aspect and native connection rectangle fixes the shared cause and clears all setup errors; direct anisotropic Q baking remains SVG-only.",
tests/test_symbol_invariants.py::test_ports_land_on_drawn_ink_at_any_box_shape[reactor/tubular],ERROR,passed,removed,svg_quadratic_fixture,yes,"All 492 errors share odd_box_sheets -> fs.to_svg -> _baked. That exception is SVG-only, but the generator discarded the fixed source aspect: native draw.io retained it while portgeom stretched its ports. Desktop 31.4.4 confirms the resulting diagonal approach. Preserving the source aspect and native connection rectangle fixes the shared cause and clears all setup errors; direct anisotropic Q baking remains SVG-only.",
tests/test_symbol_invariants.py::test_ports_land_on_drawn_ink_at_any_box_shape[reducer/concentric],ERROR,passed,removed,svg_quadratic_fixture,yes,"All 492 errors share odd_box_sheets -> fs.to_svg -> _baked. That exception is SVG-only, but the generator discarded the fixed source aspect: native draw.io retained it while portgeom stretched its ports. Desktop 31.4.4 confirms the resulting diagonal approach. Preserving the source aspect and native connection rectangle fixes the shared cause and clears all setup errors; direct anisotropic Q baking remains SVG-only.",
tests/test_symbol_invariants.py::test_ports_land_on_drawn_ink_at_any_box_shape[reducer/default],ERROR,passed,removed,svg_quadratic_fixture,yes,"All 492 errors share odd_box_sheets -> fs.to_svg -> _baked. That exception is SVG-only, but the generator discarded the fixed source aspect: native draw.io retained it while portgeom stretched its ports. Desktop 31.4.4 confirms the resulting diagonal approach. Preserving the source aspect and native connection rectangle fixes the shared cause and clears all setup errors; direct anisotropic Q baking remains SVG-only.",
tests/test_symbol_invariants.py::test_ports_land_on_drawn_ink_at_any_box_shape[reducer/eccentric],ERROR,passed,removed,svg_quadratic_fixture,yes,"All 492 errors share odd_box_sheets -> fs.to_svg -> _baked. That exception is SVG-only, but the generator discarded the fixed source aspect: native draw.io retained it while portgeom stretched its ports. Desktop 31.4.4 confirms the resulting diagonal approach. Preserving the source aspect and native connection rectangle fixes the shared cause and clears all setup errors; direct anisotropic Q baking remains SVG-only.",
tests/test_symbol_invariants.py::test_ports_land_on_drawn_ink_at_any_box_shape[screening_device/basket_reel],ERROR,passed,removed,svg_quadratic_fixture,yes,"All 492 errors share odd_box_sheets -> fs.to_svg -> _baked. That exception is SVG-only, but the generator discarded the fixed source aspect: native draw.io retained it while portgeom stretched its ports. Desktop 31.4.4 confirms the resulting diagonal approach. Preserving the source aspect and native connection rectangle fixes the shared cause and clears all setup errors; direct anisotropic Q baking remains SVG-only.",
tests/test_symbol_invariants.py::test_ports_land_on_drawn_ink_at_any_box_shape[screening_device/coarse_and_fine],ERROR,passed,removed,svg_quadratic_fixture,yes,"All 492 errors share odd_box_sheets -> fs.to_svg -> _baked. That exception is SVG-only, but the generator discarded the fixed source aspect: native draw.io retained it while portgeom stretched its ports. Desktop 31.4.4 confirms the resulting diagonal approach. Preserving the source aspect and native connection rectangle fixes the shared cause and clears all setup errors; direct anisotropic Q baking remains SVG-only.",
tests/test_symbol_invariants.py::test_ports_land_on_drawn_ink_at_any_box_shape[screening_device/coarse_rake],ERROR,passed,removed,svg_quadratic_fixture,yes,"All 492 errors share odd_box_sheets -> fs.to_svg -> _baked. That exception is SVG-only, but the generator discarded the fixed source aspect: native draw.io retained it while portgeom stretched its ports. Desktop 31.4.4 confirms the resulting diagonal approach. Preserving the source aspect and native connection rectangle fixes the shared cause and clears all setup errors; direct anisotropic Q baking remains SVG-only.",
tests/test_symbol_invariants.py::test_ports_land_on_drawn_ink_at_any_box_shape[screening_device/fine_rake],ERROR,passed,removed,svg_quadratic_fixture,yes,"All 492 errors share odd_box_sheets -> fs.to_svg -> _baked. That exception is SVG-only, but the generator discarded the fixed source aspect: native draw.io retained it while portgeom stretched its ports. Desktop 31.4.4 confirms the resulting diagonal approach. Preserving the source aspect and native connection rectangle fixes the shared cause and clears all setup errors; direct anisotropic Q baking remains SVG-only.",
tests/test_symbol_invariants.py::test_ports_land_on_drawn_ink_at_any_box_shape[screening_device/general],ERROR,passed,removed,svg_quadratic_fixture,yes,"All 492 errors share odd_box_sheets -> fs.to_svg -> _baked. That exception is SVG-only, but the generator discarded the fixed source aspect: native draw.io retained it while portgeom stretched its ports. Desktop 31.4.4 confirms the resulting diagonal approach. Preserving the source aspect and native connection rectangle fixes the shared cause and clears all setup errors; direct anisotropic Q baking remains SVG-only.",
tests/test_symbol_invariants.py::test_ports_land_on_drawn_ink_at_any_box_shape[screening_device/rotating_drum],ERROR,passed,removed,svg_quadratic_fixture,yes,"All 492 errors share odd_box_sheets -> fs.to_svg -> _baked. That exception is SVG-only, but the generator discarded the fixed source aspect: native draw.io retained it while portgeom stretched its ports. Desktop 31.4.4 confirms the resulting diagonal approach. Preserving the source aspect and native connection rectangle fixes the shared cause and clears all setup errors; direct anisotropic Q baking remains SVG-only.",
tests/test_symbol_invariants.py::test_ports_land_on_drawn_ink_at_any_box_shape[screening_device/vibrating],ERROR,passed,removed,svg_quadratic_fixture,yes,"All 492 errors share odd_box_sheets -> fs.to_svg -> _baked. That exception is SVG-only, but the generator discarded the fixed source aspect: native draw.io retained it while portgeom stretched its ports. Desktop 31.4.4 confirms the resulting diagonal approach. Preserving the source aspect and native connection rectangle fixes the shared cause and clears all setup errors; direct anisotropic Q baking remains SVG-only.",
tests/test_symbol_invariants.py::test_ports_land_on_drawn_ink_at_any_box_shape[separator/cyclone],ERROR,passed,removed,svg_quadratic_fixture,yes,"All 492 errors share odd_box_sheets -> fs.to_svg -> _baked. That exception is SVG-only, but the generator discarded the fixed source aspect: native draw.io retained it while portgeom stretched its ports. Desktop 31.4.4 confirms the resulting diagonal approach. Preserving the source aspect and native connection rectangle fixes the shared cause and clears all setup errors; direct anisotropic Q baking remains SVG-only.",
tests/test_symbol_invariants.py::test_ports_land_on_drawn_ink_at_any_box_shape[separator/default],ERROR,passed,removed,svg_quadratic_fixture,yes,"All 492 errors share odd_box_sheets -> fs.to_svg -> _baked. That exception is SVG-only, but the generator discarded the fixed source aspect: native draw.io retained it while portgeom stretched its ports. Desktop 31.4.4 confirms the resulting diagonal approach. Preserving the source aspect and native connection rectangle fixes the shared cause and clears all setup errors; direct anisotropic Q baking remains SVG-only.",
tests/test_symbol_invariants.py::test_ports_land_on_drawn_ink_at_any_box_shape[separator/electromagnetic],ERROR,passed,removed,svg_quadratic_fixture,yes,"All 492 errors share odd_box_sheets -> fs.to_svg -> _baked. That exception is SVG-only, but the generator discarded the fixed source aspect: native draw.io retained it while portgeom stretched its ports. Desktop 31.4.4 confirms the resulting diagonal approach. Preserving the source aspect and native connection rectangle fixes the shared cause and clears all setup errors; direct anisotropic Q baking remains SVG-only.",
tests/test_symbol_invariants.py::test_ports_land_on_drawn_ink_at_any_box_shape[separator/electrostatic],ERROR,passed,removed,svg_quadratic_fixture,yes,"All 492 errors share odd_box_sheets -> fs.to_svg -> _baked. That exception is SVG-only, but the generator discarded the fixed source aspect: native draw.io retained it while portgeom stretched its ports. Desktop 31.4.4 confirms the resulting diagonal approach. Preserving the source aspect and native connection rectangle fixes the shared cause and clears all setup errors; direct anisotropic Q baking remains SVG-only.",
tests/test_symbol_invariants.py::test_ports_land_on_drawn_ink_at_any_box_shape[separator/gravity],ERROR,passed,removed,svg_quadratic_fixture,yes,"All 492 errors share odd_box_sheets -> fs.to_svg -> _baked. That exception is SVG-only, but the generator discarded the fixed source aspect: native draw.io retained it while portgeom stretched its ports. Desktop 31.4.4 confirms the resulting diagonal approach. Preserving the source aspect and native connection rectangle fixes the shared cause and clears all setup errors; direct anisotropic Q baking remains SVG-only.",
tests/test_symbol_invariants.py::test_ports_land_on_drawn_ink_at_any_box_shape[separator/horizontal],ERROR,passed,removed,svg_quadratic_fixture,yes,"All 492 errors share odd_box_sheets -> fs.to_svg -> _baked. That exception is SVG-only, but the generator discarded the fixed source aspect: native draw.io retained it while portgeom stretched its ports. Desktop 31.4.4 confirms the resulting diagonal approach. Preserving the source aspect and native connection rectangle fixes the shared cause and clears all setup errors; direct anisotropic Q baking remains SVG-only.",
tests/test_symbol_invariants.py::test_ports_land_on_drawn_ink_at_any_box_shape[separator/impact],ERROR,passed,removed,svg_quadratic_fixture,yes,"All 492 errors share odd_box_sheets -> fs.to_svg -> _baked. That exception is SVG-only, but the generator discarded the fixed source aspect: native draw.io retained it while portgeom stretched its ports. Desktop 31.4.4 confirms the resulting diagonal approach. Preserving the source aspect and native connection rectangle fixes the shared cause and clears all setup errors; direct anisotropic Q baking remains SVG-only.",
tests/test_symbol_invariants.py::test_ports_land_on_drawn_ink_at_any_box_shape[separator/knockout],ERROR,passed,removed,svg_quadratic_fixture,yes,"All 492 errors share odd_box_sheets -> fs.to_svg -> _baked. That exception is SVG-only, but the generator discarded the fixed source aspect: native draw.io retained it while portgeom stretched its ports. Desktop 31.4.4 confirms the resulting diagonal approach. Preserving the source aspect and native connection rectangle fixes the shared cause and clears all setup errors; direct anisotropic Q baking remains SVG-only.",
tests/test_symbol_invariants.py::test_ports_land_on_drawn_ink_at_any_box_shape[separator/permanent_magnet],ERROR,passed,removed,svg_quadratic_fixture,yes,"All 492 errors share odd_box_sheets -> fs.to_svg -> _baked. That exception is SVG-only, but the generator discarded the fixed source aspect: native draw.io retained it while portgeom stretched its ports. Desktop 31.4.4 confirms the resulting diagonal approach. Preserving the source aspect and native connection rectangle fixes the shared cause and clears all setup errors; direct anisotropic Q baking remains SVG-only.",
tests/test_symbol_invariants.py::test_ports_land_on_drawn_ink_at_any_box_shape[separator/scrubber],ERROR,passed,removed,svg_quadratic_fixture,yes,"All 492 errors share odd_box_sheets -> fs.to_svg -> _baked. That exception is SVG-only, but the generator discarded the fixed source aspect: native draw.io retained it while portgeom stretched its ports. Desktop 31.4.4 confirms the resulting diagonal approach. Preserving the source aspect and native connection rectangle fixes the shared cause and clears all setup errors; direct anisotropic Q baking remains SVG-only.",
tests/test_symbol_invariants.py::test_ports_land_on_drawn_ink_at_any_box_shape[separator/sifter],ERROR,passed,removed,svg_quadratic_fixture,yes,"All 492 errors share odd_box_sheets -> fs.to_svg -> _baked. That exception is SVG-only, but the generator discarded the fixed source aspect: native draw.io retained it while portgeom stretched its ports. Desktop 31.4.4 confirms the resulting diagonal approach. Preserving the source aspect and native connection rectangle fixes the shared cause and clears all setup errors; direct anisotropic Q baking remains SVG-only.",
tests/test_symbol_invariants.py::test_ports_land_on_drawn_ink_at_any_box_shape[separator/venturi_scrubber],ERROR,passed,removed,svg_quadratic_fixture,yes,"All 492 errors share odd_box_sheets -> fs.to_svg -> _baked. That exception is SVG-only, but the generator discarded the fixed source aspect: native draw.io retained it while portgeom stretched its ports. Desktop 31.4.4 confirms the resulting diagonal approach. Preserving the source aspect and native connection rectangle fixes the shared cause and clears all setup errors; direct anisotropic Q baking remains SVG-only.",
tests/test_symbol_invariants.py::test_ports_land_on_drawn_ink_at_any_box_shape[splitter/default],ERROR,passed,removed,svg_quadratic_fixture,yes,"All 492 errors share odd_box_sheets -> fs.to_svg -> _baked. That exception is SVG-only, but the generator discarded the fixed source aspect: native draw.io retained it while portgeom stretched its ports. Desktop 31.4.4 confirms the resulting diagonal approach. Preserving the source aspect and native connection rectangle fixes the shared cause and clears all setup errors; direct anisotropic Q baking remains SVG-only.",
tests/test_symbol_invariants.py::test_ports_land_on_drawn_ink_at_any_box_shape[spray_nozzle/default],ERROR,passed,removed,svg_quadratic_fixture,yes,"All 492 errors share odd_box_sheets -> fs.to_svg -> _baked. That exception is SVG-only, but the generator discarded the fixed source aspect: native draw.io retained it while portgeom stretched its ports. Desktop 31.4.4 confirms the resulting diagonal approach. Preserving the source aspect and native connection rectangle fixes the shared cause and clears all setup errors; direct anisotropic Q baking remains SVG-only.",
tests/test_symbol_invariants.py::test_ports_land_on_drawn_ink_at_any_box_shape[stack/default],ERROR,passed,removed,svg_quadratic_fixture,yes,"All 492 errors share odd_box_sheets -> fs.to_svg -> _baked. That exception is SVG-only, but the generator discarded the fixed source aspect: native draw.io retained it while portgeom stretched its ports. Desktop 31.4.4 confirms the resulting diagonal approach. Preserving the source aspect and native connection rectangle fixes the shared cause and clears all setup errors; direct anisotropic Q baking remains SVG-only.",
tests/test_symbol_invariants.py::test_ports_land_on_drawn_ink_at_any_box_shape[submersible_mixer/default],ERROR,passed,removed,svg_quadratic_fixture,yes,"All 492 errors share odd_box_sheets -> fs.to_svg -> _baked. That exception is SVG-only, but the generator discarded the fixed source aspect: native draw.io retained it while portgeom stretched its ports. Desktop 31.4.4 confirms the resulting diagonal approach. Preserving the source aspect and native connection rectangle fixes the shared cause and clears all setup errors; direct anisotropic Q baking remains SVG-only.",
tests/test_symbol_invariants.py::test_ports_land_on_drawn_ink_at_any_box_shape[tank/concrete],ERROR,passed,removed,svg_quadratic_fixture,yes,"All 492 errors share odd_box_sheets -> fs.to_svg -> _baked. That exception is SVG-only, but the generator discarded the fixed source aspect: native draw.io retained it while portgeom stretched its ports. Desktop 31.4.4 confirms the resulting diagonal approach. Preserving the source aspect and native connection rectangle fixes the shared cause and clears all setup errors; direct anisotropic Q baking remains SVG-only.",
tests/test_symbol_invariants.py::test_ports_land_on_drawn_ink_at_any_box_shape[tank/conical],ERROR,passed,removed,svg_quadratic_fixture,yes,"All 492 errors share odd_box_sheets -> fs.to_svg -> _baked. That exception is SVG-only, but the generator discarded the fixed source aspect: native draw.io retained it while portgeom stretched its ports. Desktop 31.4.4 confirms the resulting diagonal approach. Preserving the source aspect and native connection rectangle fixes the shared cause and clears all setup errors; direct anisotropic Q baking remains SVG-only.",
tests/test_symbol_invariants.py::test_ports_land_on_drawn_ink_at_any_box_shape[tank/conical_bottom],ERROR,passed,removed,svg_quadratic_fixture,yes,"All 492 errors share odd_box_sheets -> fs.to_svg -> _baked. That exception is SVG-only, but the generator discarded the fixed source aspect: native draw.io retained it while portgeom stretched its ports. Desktop 31.4.4 confirms the resulting diagonal approach. Preserving the source aspect and native connection rectangle fixes the shared cause and clears all setup errors; direct anisotropic Q baking remains SVG-only.",
tests/test_symbol_invariants.py::test_ports_land_on_drawn_ink_at_any_box_shape[tank/conical_ends],ERROR,passed,removed,svg_quadratic_fixture,yes,"All 492 errors share odd_box_sheets -> fs.to_svg -> _baked. That exception is SVG-only, but the generator discarded the fixed source aspect: native draw.io retained it while portgeom stretched its ports. Desktop 31.4.4 confirms the resulting diagonal approach. Preserving the source aspect and native connection rectangle fixes the shared cause and clears all setup errors; direct anisotropic Q baking remains SVG-only.",
tests/test_symbol_invariants.py::test_ports_land_on_drawn_ink_at_any_box_shape[tank/default],ERROR,passed,removed,svg_quadratic_fixture,yes,"All 492 errors share odd_box_sheets -> fs.to_svg -> _baked. That exception is SVG-only, but the generator discarded the fixed source aspect: native draw.io retained it while portgeom stretched its ports. Desktop 31.4.4 confirms the resulting diagonal approach. Preserving the source aspect and native connection rectangle fixes the shared cause and clears all setup errors; direct anisotropic Q baking remains SVG-only.",
tests/test_symbol_invariants.py::test_ports_land_on_drawn_ink_at_any_box_shape[tank/dished_roof_conical_bottom],ERROR,passed,removed,svg_quadratic_fixture,yes,"All 492 errors share odd_box_sheets -> fs.to_svg -> _baked. That exception is SVG-only, but the generator discarded the fixed source aspect: native draw.io retained it while portgeom stretched its ports. Desktop 31.4.4 confirms the resulting diagonal approach. Preserving the source aspect and native connection rectangle fixes the shared cause and clears all setup errors; direct anisotropic Q baking remains SVG-only.",
tests/test_symbol_invariants.py::test_ports_land_on_drawn_ink_at_any_box_shape[tank/floating_roof],ERROR,passed,removed,svg_quadratic_fixture,yes,"All 492 errors share odd_box_sheets -> fs.to_svg -> _baked. That exception is SVG-only, but the generator discarded the fixed source aspect: native draw.io retained it while portgeom stretched its ports. Desktop 31.4.4 confirms the resulting diagonal approach. Preserving the source aspect and native connection rectangle fixes the shared cause and clears all setup errors; direct anisotropic Q baking remains SVG-only.",
tests/test_symbol_invariants.py::test_ports_land_on_drawn_ink_at_any_box_shape[tank/gas_holder],ERROR,passed,removed,svg_quadratic_fixture,yes,"All 492 errors share odd_box_sheets -> fs.to_svg -> _baked. That exception is SVG-only, but the generator discarded the fixed source aspect: native draw.io retained it while portgeom stretched its ports. Desktop 31.4.4 confirms the resulting diagonal approach. Preserving the source aspect and native connection rectangle fixes the shared cause and clears all setup errors; direct anisotropic Q baking remains SVG-only.",
tests/test_symbol_invariants.py::test_ports_land_on_drawn_ink_at_any_box_shape[tank/sphere],ERROR,passed,removed,svg_quadratic_fixture,yes,"All 492 errors share odd_box_sheets -> fs.to_svg -> _baked. That exception is SVG-only, but the generator discarded the fixed source aspect: native draw.io retained it while portgeom stretched its ports. Desktop 31.4.4 confirms the resulting diagonal approach. Preserving the source aspect and native connection rectangle fixes the shared cause and clears all setup errors; direct anisotropic Q baking remains SVG-only.",
tests/test_symbol_invariants.py::test_ports_land_on_drawn_ink_at_any_box_shape[tank/vertical],ERROR,passed,removed,svg_quadratic_fixture,yes,"All 492 errors share odd_box_sheets -> fs.to_svg -> _baked. That exception is SVG-only, but the generator discarded the fixed source aspect: native draw.io retained it while portgeom stretched its ports. Desktop 31.4.4 confirms the resulting diagonal approach. Preserving the source aspect and native connection rectangle fixes the shared cause and clears all setup errors; direct anisotropic Q baking remains SVG-only.",
tests/test_symbol_invariants.py::test_ports_land_on_drawn_ink_at_any_box_shape[tee/default],ERROR,passed,removed,svg_quadratic_fixture,yes,"All 492 errors share odd_box_sheets -> fs.to_svg -> _baked. That exception is SVG-only, but the generator discarded the fixed source aspect: native draw.io retained it while portgeom stretched its ports. Desktop 31.4.4 confirms the resulting diagonal approach. Preserving the source aspect and native connection rectangle fixes the shared cause and clears all setup errors; direct anisotropic Q baking remains SVG-only.",
tests/test_symbol_invariants.py::test_ports_land_on_drawn_ink_at_any_box_shape[thickener/default],ERROR,passed,removed,svg_quadratic_fixture,yes,"All 492 errors share odd_box_sheets -> fs.to_svg -> _baked. That exception is SVG-only, but the generator discarded the fixed source aspect: native draw.io retained it while portgeom stretched its ports. Desktop 31.4.4 confirms the resulting diagonal approach. Preserving the source aspect and native connection rectangle fixes the shared cause and clears all setup errors; direct anisotropic Q baking remains SVG-only.",
tests/test_symbol_invariants.py::test_ports_land_on_drawn_ink_at_any_box_shape[turbine/default],ERROR,passed,removed,svg_quadratic_fixture,yes,"All 492 errors share odd_box_sheets -> fs.to_svg -> _baked. That exception is SVG-only, but the generator discarded the fixed source aspect: native draw.io retained it while portgeom stretched its ports. Desktop 31.4.4 confirms the resulting diagonal approach. Preserving the source aspect and native connection rectangle fixes the shared cause and clears all setup errors; direct anisotropic Q baking remains SVG-only.",
tests/test_symbol_invariants.py::test_ports_land_on_drawn_ink_at_any_box_shape[valve/angle],ERROR,passed,removed,svg_quadratic_fixture,yes,"All 492 errors share odd_box_sheets -> fs.to_svg -> _baked. That exception is SVG-only, but the generator discarded the fixed source aspect: native draw.io retained it while portgeom stretched its ports. Desktop 31.4.4 confirms the resulting diagonal approach. Preserving the source aspect and native connection rectangle fixes the shared cause and clears all setup errors; direct anisotropic Q baking remains SVG-only.",
tests/test_symbol_invariants.py::test_ports_land_on_drawn_ink_at_any_box_shape[valve/ball],ERROR,passed,removed,svg_quadratic_fixture,yes,"All 492 errors share odd_box_sheets -> fs.to_svg -> _baked. That exception is SVG-only, but the generator discarded the fixed source aspect: native draw.io retained it while portgeom stretched its ports. Desktop 31.4.4 confirms the resulting diagonal approach. Preserving the source aspect and native connection rectangle fixes the shared cause and clears all setup errors; direct anisotropic Q baking remains SVG-only.",
tests/test_symbol_invariants.py::test_ports_land_on_drawn_ink_at_any_box_shape[valve/bleed],ERROR,passed,removed,svg_quadratic_fixture,yes,"All 492 errors share odd_box_sheets -> fs.to_svg -> _baked. That exception is SVG-only, but the generator discarded the fixed source aspect: native draw.io retained it while portgeom stretched its ports. Desktop 31.4.4 confirms the resulting diagonal approach. Preserving the source aspect and native connection rectangle fixes the shared cause and clears all setup errors; direct anisotropic Q baking remains SVG-only.",
tests/test_symbol_invariants.py::test_ports_land_on_drawn_ink_at_any_box_shape[valve/butterfly],ERROR,passed,removed,svg_quadratic_fixture,yes,"All 492 errors share odd_box_sheets -> fs.to_svg -> _baked. That exception is SVG-only, but the generator discarded the fixed source aspect: native draw.io retained it while portgeom stretched its ports. Desktop 31.4.4 confirms the resulting diagonal approach. Preserving the source aspect and native connection rectangle fixes the shared cause and clears all setup errors; direct anisotropic Q baking remains SVG-only.",
tests/test_symbol_invariants.py::test_ports_land_on_drawn_ink_at_any_box_shape[valve/butterfly_2],ERROR,passed,removed,svg_quadratic_fixture,yes,"All 492 errors share odd_box_sheets -> fs.to_svg -> _baked. That exception is SVG-only, but the generator discarded the fixed source aspect: native draw.io retained it while portgeom stretched its ports. Desktop 31.4.4 confirms the resulting diagonal approach. Preserving the source aspect and native connection rectangle fixes the shared cause and clears all setup errors; direct anisotropic Q baking remains SVG-only.",
tests/test_symbol_invariants.py::test_ports_land_on_drawn_ink_at_any_box_shape[valve/butterfly_pneumatic],ERROR,passed,removed,svg_quadratic_fixture,yes,"All 492 errors share odd_box_sheets -> fs.to_svg -> _baked. That exception is SVG-only, but the generator discarded the fixed source aspect: native draw.io retained it while portgeom stretched its ports. Desktop 31.4.4 confirms the resulting diagonal approach. Preserving the source aspect and native connection rectangle fixes the shared cause and clears all setup errors; direct anisotropic Q baking remains SVG-only.",
tests/test_symbol_invariants.py::test_ports_land_on_drawn_ink_at_any_box_shape[valve/check],ERROR,passed,removed,svg_quadratic_fixture,yes,"All 492 errors share odd_box_sheets -> fs.to_svg -> _baked. That exception is SVG-only, but the generator discarded the fixed source aspect: native draw.io retained it while portgeom stretched its ports. Desktop 31.4.4 confirms the resulting diagonal approach. Preserving the source aspect and native connection rectangle fixes the shared cause and clears all setup errors; direct anisotropic Q baking remains SVG-only.",
tests/test_symbol_invariants.py::test_ports_land_on_drawn_ink_at_any_box_shape[valve/check_2],ERROR,passed,removed,svg_quadratic_fixture,yes,"All 492 errors share odd_box_sheets -> fs.to_svg -> _baked. That exception is SVG-only, but the generator discarded the fixed source aspect: native draw.io retained it while portgeom stretched its ports. Desktop 31.4.4 confirms the resulting diagonal approach. Preserving the source aspect and native connection rectangle fixes the shared cause and clears all setup errors; direct anisotropic Q baking remains SVG-only.",
tests/test_symbol_invariants.py::test_ports_land_on_drawn_ink_at_any_box_shape[valve/control],ERROR,passed,removed,svg_quadratic_fixture,yes,"All 492 errors share odd_box_sheets -> fs.to_svg -> _baked. That exception is SVG-only, but the generator discarded the fixed source aspect: native draw.io retained it while portgeom stretched its ports. Desktop 31.4.4 confirms the resulting diagonal approach. Preserving the source aspect and native connection rectangle fixes the shared cause and clears all setup errors; direct anisotropic Q baking remains SVG-only.",
tests/test_symbol_invariants.py::test_ports_land_on_drawn_ink_at_any_box_shape[valve/default],ERROR,passed,removed,svg_quadratic_fixture,yes,"All 492 errors share odd_box_sheets -> fs.to_svg -> _baked. That exception is SVG-only, but the generator discarded the fixed source aspect: native draw.io retained it while portgeom stretched its ports. Desktop 31.4.4 confirms the resulting diagonal approach. Preserving the source aspect and native connection rectangle fixes the shared cause and clears all setup errors; direct anisotropic Q baking remains SVG-only.",
tests/test_symbol_invariants.py::test_ports_land_on_drawn_ink_at_any_box_shape[valve/gate],ERROR,passed,removed,svg_quadratic_fixture,yes,"All 492 errors share odd_box_sheets -> fs.to_svg -> _baked. That exception is SVG-only, but the generator discarded the fixed source aspect: native draw.io retained it while portgeom stretched its ports. Desktop 31.4.4 confirms the resulting diagonal approach. Preserving the source aspect and native connection rectangle fixes the shared cause and clears all setup errors; direct anisotropic Q baking remains SVG-only.",
tests/test_symbol_invariants.py::test_ports_land_on_drawn_ink_at_any_box_shape[valve/globe],ERROR,passed,removed,svg_quadratic_fixture,yes,"All 492 errors share odd_box_sheets -> fs.to_svg -> _baked. That exception is SVG-only, but the generator discarded the fixed source aspect: native draw.io retained it while portgeom stretched its ports. Desktop 31.4.4 confirms the resulting diagonal approach. Preserving the source aspect and native connection rectangle fixes the shared cause and clears all setup errors; direct anisotropic Q baking remains SVG-only.",
tests/test_symbol_invariants.py::test_ports_land_on_drawn_ink_at_any_box_shape[valve/hydraulic],ERROR,passed,removed,svg_quadratic_fixture,yes,"All 492 errors share odd_box_sheets -> fs.to_svg -> _baked. That exception is SVG-only, but the generator discarded the fixed source aspect: native draw.io retained it while portgeom stretched its ports. Desktop 31.4.4 confirms the resulting diagonal approach. Preserving the source aspect and native connection rectangle fixes the shared cause and clears all setup errors; direct anisotropic Q baking remains SVG-only.",
tests/test_symbol_invariants.py::test_ports_land_on_drawn_ink_at_any_box_shape[valve/knife],ERROR,passed,removed,svg_quadratic_fixture,yes,"All 492 errors share odd_box_sheets -> fs.to_svg -> _baked. That exception is SVG-only, but the generator discarded the fixed source aspect: native draw.io retained it while portgeom stretched its ports. Desktop 31.4.4 confirms the resulting diagonal approach. Preserving the source aspect and native connection rectangle fixes the shared cause and clears all setup errors; direct anisotropic Q baking remains SVG-only.",
tests/test_symbol_invariants.py::test_ports_land_on_drawn_ink_at_any_box_shape[valve/manual],ERROR,passed,removed,svg_quadratic_fixture,yes,"All 492 errors share odd_box_sheets -> fs.to_svg -> _baked. That exception is SVG-only, but the generator discarded the fixed source aspect: native draw.io retained it while portgeom stretched its ports. Desktop 31.4.4 confirms the resulting diagonal approach. Preserving the source aspect and native connection rectangle fixes the shared cause and clears all setup errors; direct anisotropic Q baking remains SVG-only.",
tests/test_symbol_invariants.py::test_ports_land_on_drawn_ink_at_any_box_shape[valve/motor],ERROR,passed,removed,svg_quadratic_fixture,yes,"All 492 errors share odd_box_sheets -> fs.to_svg -> _baked. That exception is SVG-only, but the generator discarded the fixed source aspect: native draw.io retained it while portgeom stretched its ports. Desktop 31.4.4 confirms the resulting diagonal approach. Preserving the source aspect and native connection rectangle fixes the shared cause and clears all setup errors; direct anisotropic Q baking remains SVG-only.",
tests/test_symbol_invariants.py::test_ports_land_on_drawn_ink_at_any_box_shape[valve/needle],ERROR,passed,removed,svg_quadratic_fixture,yes,"All 492 errors share odd_box_sheets -> fs.to_svg -> _baked. That exception is SVG-only, but the generator discarded the fixed source aspect: native draw.io retained it while portgeom stretched its ports. Desktop 31.4.4 confirms the resulting diagonal approach. Preserving the source aspect and native connection rectangle fixes the shared cause and clears all setup errors; direct anisotropic Q baking remains SVG-only.",
tests/test_symbol_invariants.py::test_ports_land_on_drawn_ink_at_any_box_shape[valve/pinch],ERROR,passed,removed,svg_quadratic_fixture,yes,"All 492 errors share odd_box_sheets -> fs.to_svg -> _baked. That exception is SVG-only, but the generator discarded the fixed source aspect: native draw.io retained it while portgeom stretched its ports. Desktop 31.4.4 confirms the resulting diagonal approach. Preserving the source aspect and native connection rectangle fixes the shared cause and clears all setup errors; direct anisotropic Q baking remains SVG-only.",
tests/test_symbol_invariants.py::test_ports_land_on_drawn_ink_at_any_box_shape[valve/plug],ERROR,passed,removed,svg_quadratic_fixture,yes,"All 492 errors share odd_box_sheets -> fs.to_svg -> _baked. That exception is SVG-only, but the generator discarded the fixed source aspect: native draw.io retained it while portgeom stretched its ports. Desktop 31.4.4 confirms the resulting diagonal approach. Preserving the source aspect and native connection rectangle fixes the shared cause and clears all setup errors; direct anisotropic Q baking remains SVG-only.",
tests/test_symbol_invariants.py::test_ports_land_on_drawn_ink_at_any_box_shape[valve/psv],ERROR,passed,removed,svg_quadratic_fixture,yes,"All 492 errors share odd_box_sheets -> fs.to_svg -> _baked. That exception is SVG-only, but the generator discarded the fixed source aspect: native draw.io retained it while portgeom stretched its ports. Desktop 31.4.4 confirms the resulting diagonal approach. Preserving the source aspect and native connection rectangle fixes the shared cause and clears all setup errors; direct anisotropic Q baking remains SVG-only.",
tests/test_symbol_invariants.py::test_ports_land_on_drawn_ink_at_any_box_shape[valve/regulator],ERROR,passed,removed,svg_quadratic_fixture,yes,"All 492 errors share odd_box_sheets -> fs.to_svg -> _baked. That exception is SVG-only, but the generator discarded the fixed source aspect: native draw.io retained it while portgeom stretched its ports. Desktop 31.4.4 confirms the resulting diagonal approach. Preserving the source aspect and native connection rectangle fixes the shared cause and clears all setup errors; direct anisotropic Q baking remains SVG-only.",
tests/test_symbol_invariants.py::test_ports_land_on_drawn_ink_at_any_box_shape[valve/relief],ERROR,passed,removed,svg_quadratic_fixture,yes,"All 492 errors share odd_box_sheets -> fs.to_svg -> _baked. That exception is SVG-only, but the generator discarded the fixed source aspect: native draw.io retained it while portgeom stretched its ports. Desktop 31.4.4 confirms the resulting diagonal approach. Preserving the source aspect and native connection rectangle fixes the shared cause and clears all setup errors; direct anisotropic Q baking remains SVG-only.",
tests/test_symbol_invariants.py::test_ports_land_on_drawn_ink_at_any_box_shape[valve/saunders],ERROR,passed,removed,svg_quadratic_fixture,yes,"All 492 errors share odd_box_sheets -> fs.to_svg -> _baked. That exception is SVG-only, but the generator discarded the fixed source aspect: native draw.io retained it while portgeom stretched its ports. Desktop 31.4.4 confirms the resulting diagonal approach. Preserving the source aspect and native connection rectangle fixes the shared cause and clears all setup errors; direct anisotropic Q baking remains SVG-only.",
tests/test_symbol_invariants.py::test_ports_land_on_drawn_ink_at_any_box_shape[valve/solenoid],ERROR,passed,removed,svg_quadratic_fixture,yes,"All 492 errors share odd_box_sheets -> fs.to_svg -> _baked. That exception is SVG-only, but the generator discarded the fixed source aspect: native draw.io retained it while portgeom stretched its ports. Desktop 31.4.4 confirms the resulting diagonal approach. Preserving the source aspect and native connection rectangle fixes the shared cause and clears all setup errors; direct anisotropic Q baking remains SVG-only.",
tests/test_symbol_invariants.py::test_ports_land_on_drawn_ink_at_any_box_shape[valve/three_way],ERROR,passed,removed,svg_quadratic_fixture,yes,"All 492 errors share odd_box_sheets -> fs.to_svg -> _baked. That exception is SVG-only, but the generator discarded the fixed source aspect: native draw.io retained it while portgeom stretched its ports. Desktop 31.4.4 confirms the resulting diagonal approach. Preserving the source aspect and native connection rectangle fixes the shared cause and clears all setup errors; direct anisotropic Q baking remains SVG-only.",
tests/test_symbol_invariants.py::test_ports_land_on_drawn_ink_at_any_box_shape[vent/breather],ERROR,passed,removed,svg_quadratic_fixture,yes,"All 492 errors share odd_box_sheets -> fs.to_svg -> _baked. That exception is SVG-only, but the generator discarded the fixed source aspect: native draw.io retained it while portgeom stretched its ports. Desktop 31.4.4 confirms the resulting diagonal approach. Preserving the source aspect and native connection rectangle fixes the shared cause and clears all setup errors; direct anisotropic Q baking remains SVG-only.",
tests/test_symbol_invariants.py::test_ports_land_on_drawn_ink_at_any_box_shape[vent/default],ERROR,passed,removed,svg_quadratic_fixture,yes,"All 492 errors share odd_box_sheets -> fs.to_svg -> _baked. That exception is SVG-only, but the generator discarded the fixed source aspect: native draw.io retained it while portgeom stretched its ports. Desktop 31.4.4 confirms the resulting diagonal approach. Preserving the source aspect and native connection rectangle fixes the shared cause and clears all setup errors; direct anisotropic Q baking remains SVG-only.",
tests/test_symbol_invariants.py::test_ports_land_on_drawn_ink_at_any_box_shape[vent/exhaust_head],ERROR,passed,removed,svg_quadratic_fixture,yes,"All 492 errors share odd_box_sheets -> fs.to_svg -> _baked. That exception is SVG-only, but the generator discarded the fixed source aspect: native draw.io retained it while portgeom stretched its ports. Desktop 31.4.4 confirms the resulting diagonal approach. Preserving the source aspect and native connection rectangle fixes the shared cause and clears all setup errors; direct anisotropic Q baking remains SVG-only.",
tests/test_symbol_invariants.py::test_ports_land_on_drawn_ink_at_any_box_shape[vessel/default],ERROR,passed,removed,svg_quadratic_fixture,yes,"All 492 errors share odd_box_sheets -> fs.to_svg -> _baked. That exception is SVG-only, but the generator discarded the fixed source aspect: native draw.io retained it while portgeom stretched its ports. Desktop 31.4.4 confirms the resulting diagonal approach. Preserving the source aspect and native connection rectangle fixes the shared cause and clears all setup errors; direct anisotropic Q baking remains SVG-only.",
tests/test_symbol_invariants.py::test_ports_land_on_drawn_ink_at_any_box_shape[vessel/dished],ERROR,passed,removed,svg_quadratic_fixture,yes,"All 492 errors share odd_box_sheets -> fs.to_svg -> _baked. That exception is SVG-only, but the generator discarded the fixed source aspect: native draw.io retained it while portgeom stretched its ports. Desktop 31.4.4 confirms the resulting diagonal approach. Preserving the source aspect and native connection rectangle fixes the shared cause and clears all setup errors; direct anisotropic Q baking remains SVG-only.",
tests/test_symbol_invariants.py::test_ports_land_on_drawn_ink_at_any_box_shape[vessel/dome],ERROR,passed,removed,svg_quadratic_fixture,yes,"All 492 errors share odd_box_sheets -> fs.to_svg -> _baked. That exception is SVG-only, but the generator discarded the fixed source aspect: native draw.io retained it while portgeom stretched its ports. Desktop 31.4.4 confirms the resulting diagonal approach. Preserving the source aspect and native connection rectangle fixes the shared cause and clears all setup errors; direct anisotropic Q baking remains SVG-only.",
tests/test_symbol_invariants.py::test_ports_land_on_drawn_ink_at_any_box_shape[vessel/electrical_heating],ERROR,passed,removed,svg_quadratic_fixture,yes,"All 492 errors share odd_box_sheets -> fs.to_svg -> _baked. That exception is SVG-only, but the generator discarded the fixed source aspect: native draw.io retained it while portgeom stretched its ports. Desktop 31.4.4 confirms the resulting diagonal approach. Preserving the source aspect and native connection rectangle fixes the shared cause and clears all setup errors; direct anisotropic Q baking remains SVG-only.",
tests/test_symbol_invariants.py::test_ports_land_on_drawn_ink_at_any_box_shape[vessel/horizontal],ERROR,passed,removed,svg_quadratic_fixture,yes,"All 492 errors share odd_box_sheets -> fs.to_svg -> _baked. That exception is SVG-only, but the generator discarded the fixed source aspect: native draw.io retained it while portgeom stretched its ports. Desktop 31.4.4 confirms the resulting diagonal approach. Preserving the source aspect and native connection rectangle fixes the shared cause and clears all setup errors; direct anisotropic Q baking remains SVG-only.",
tests/test_symbol_invariants.py::test_ports_land_on_drawn_ink_at_any_box_shape[vessel/insulated],ERROR,passed,removed,svg_quadratic_fixture,yes,"All 492 errors share odd_box_sheets -> fs.to_svg -> _baked. That exception is SVG-only, but the generator discarded the fixed source aspect: native draw.io retained it while portgeom stretched its ports. Desktop 31.4.4 confirms the resulting diagonal approach. Preserving the source aspect and native connection rectangle fixes the shared cause and clears all setup errors; direct anisotropic Q baking remains SVG-only.",
tests/test_symbol_invariants.py::test_ports_land_on_drawn_ink_at_any_box_shape[vessel/jacketed],ERROR,passed,removed,svg_quadratic_fixture,yes,"All 492 errors share odd_box_sheets -> fs.to_svg -> _baked. That exception is SVG-only, but the generator discarded the fixed source aspect: native draw.io retained it while portgeom stretched its ports. Desktop 31.4.4 confirms the resulting diagonal approach. Preserving the source aspect and native connection rectangle fixes the shared cause and clears all setup errors; direct anisotropic Q baking remains SVG-only.",
tests/test_symbol_invariants.py::test_ports_land_on_drawn_ink_at_any_box_shape[vessel/legs],ERROR,passed,removed,svg_quadratic_fixture,yes,"All 492 errors share odd_box_sheets -> fs.to_svg -> _baked. That exception is SVG-only, but the generator discarded the fixed source aspect: native draw.io retained it while portgeom stretched its ports. Desktop 31.4.4 confirms the resulting diagonal approach. Preserving the source aspect and native connection rectangle fixes the shared cause and clears all setup errors; direct anisotropic Q baking remains SVG-only.",
tests/test_symbol_invariants.py::test_ports_land_on_drawn_ink_at_any_box_shape[vessel/skirted],ERROR,passed,removed,svg_quadratic_fixture,yes,"All 492 errors share odd_box_sheets -> fs.to_svg -> _baked. That exception is SVG-only, but the generator discarded the fixed source aspect: native draw.io retained it while portgeom stretched its ports. Desktop 31.4.4 confirms the resulting diagonal approach. Preserving the source aspect and native connection rectangle fixes the shared cause and clears all setup errors; direct anisotropic Q baking remains SVG-only.",
tests/test_symbol_invariants.py::test_ports_land_on_drawn_ink_at_any_box_shape[vessel/swaged],ERROR,passed,removed,svg_quadratic_fixture,yes,"All 492 errors share odd_box_sheets -> fs.to_svg -> _baked. That exception is SVG-only, but the generator discarded the fixed source aspect: native draw.io retained it while portgeom stretched its ports. Desktop 31.4.4 confirms the resulting diagonal approach. Preserving the source aspect and native connection rectangle fixes the shared cause and clears all setup errors; direct anisotropic Q baking remains SVG-only.",
tests/test_symbol_invariants.py::test_signal_ports_stay_on_the_outline_at_any_box_shape[air_diffuser/default],ERROR,passed,removed,svg_quadratic_fixture,yes,"All 492 errors share odd_box_sheets -> fs.to_svg -> _baked. That exception is SVG-only, but the generator discarded the fixed source aspect: native draw.io retained it while portgeom stretched its ports. Desktop 31.4.4 confirms the resulting diagonal approach. Preserving the source aspect and native connection rectangle fixes the shared cause and clears all setup errors; direct anisotropic Q baking remains SVG-only.",
tests/test_symbol_invariants.py::test_signal_ports_stay_on_the_outline_at_any_box_shape[airlift/default],ERROR,passed,removed,svg_quadratic_fixture,yes,"All 492 errors share odd_box_sheets -> fs.to_svg -> _baked. That exception is SVG-only, but the generator discarded the fixed source aspect: native draw.io retained it while portgeom stretched its ports. Desktop 31.4.4 confirms the resulting diagonal approach. Preserving the source aspect and native connection rectangle fixes the shared cause and clears all setup errors; direct anisotropic Q baking remains SVG-only.",
tests/test_symbol_invariants.py::test_signal_ports_stay_on_the_outline_at_any_box_shape[basin_agitator/default],ERROR,passed,removed,svg_quadratic_fixture,yes,"All 492 errors share odd_box_sheets -> fs.to_svg -> _baked. That exception is SVG-only, but the generator discarded the fixed source aspect: native draw.io retained it while portgeom stretched its ports. Desktop 31.4.4 confirms the resulting diagonal approach. Preserving the source aspect and native connection rectangle fixes the shared cause and clears all setup errors; direct anisotropic Q baking remains SVG-only.",
tests/test_symbol_invariants.py::test_signal_ports_stay_on_the_outline_at_any_box_shape[block/default],ERROR,passed,removed,svg_quadratic_fixture,yes,"All 492 errors share odd_box_sheets -> fs.to_svg -> _baked. That exception is SVG-only, but the generator discarded the fixed source aspect: native draw.io retained it while portgeom stretched its ports. Desktop 31.4.4 confirms the resulting diagonal approach. Preserving the source aspect and native connection rectangle fixes the shared cause and clears all setup errors; direct anisotropic Q baking remains SVG-only.",
tests/test_symbol_invariants.py::test_signal_ports_stay_on_the_outline_at_any_box_shape[blower/default],ERROR,passed,removed,svg_quadratic_fixture,yes,"All 492 errors share odd_box_sheets -> fs.to_svg -> _baked. That exception is SVG-only, but the generator discarded the fixed source aspect: native draw.io retained it while portgeom stretched its ports. Desktop 31.4.4 confirms the resulting diagonal approach. Preserving the source aspect and native connection rectangle fixes the shared cause and clears all setup errors; direct anisotropic Q baking remains SVG-only.",
tests/test_symbol_invariants.py::test_signal_ports_stay_on_the_outline_at_any_box_shape[blower/gas],ERROR,passed,removed,svg_quadratic_fixture,yes,"All 492 errors share odd_box_sheets -> fs.to_svg -> _baked. That exception is SVG-only, but the generator discarded the fixed source aspect: native draw.io retained it while portgeom stretched its ports. Desktop 31.4.4 confirms the resulting diagonal approach. Preserving the source aspect and native connection rectangle fixes the shared cause and clears all setup errors; direct anisotropic Q baking remains SVG-only.",
tests/test_symbol_invariants.py::test_signal_ports_stay_on_the_outline_at_any_box_shape[boiler/default],ERROR,passed,removed,svg_quadratic_fixture,yes,"All 492 errors share odd_box_sheets -> fs.to_svg -> _baked. That exception is SVG-only, but the generator discarded the fixed source aspect: native draw.io retained it while portgeom stretched its ports. Desktop 31.4.4 confirms the resulting diagonal approach. Preserving the source aspect and native connection rectangle fixes the shared cause and clears all setup errors; direct anisotropic Q baking remains SVG-only.",
tests/test_symbol_invariants.py::test_signal_ports_stay_on_the_outline_at_any_box_shape[centrifuge/decanter],ERROR,passed,removed,svg_quadratic_fixture,yes,"All 492 errors share odd_box_sheets -> fs.to_svg -> _baked. That exception is SVG-only, but the generator discarded the fixed source aspect: native draw.io retained it while portgeom stretched its ports. Desktop 31.4.4 confirms the resulting diagonal approach. Preserving the source aspect and native connection rectangle fixes the shared cause and clears all setup errors; direct anisotropic Q baking remains SVG-only.",
tests/test_symbol_invariants.py::test_signal_ports_stay_on_the_outline_at_any_box_shape[centrifuge/default],ERROR,passed,removed,svg_quadratic_fixture,yes,"All 492 errors share odd_box_sheets -> fs.to_svg -> _baked. That exception is SVG-only, but the generator discarded the fixed source aspect: native draw.io retained it while portgeom stretched its ports. Desktop 31.4.4 confirms the resulting diagonal approach. Preserving the source aspect and native connection rectangle fixes the shared cause and clears all setup errors; direct anisotropic Q baking remains SVG-only.",
tests/test_symbol_invariants.py::test_signal_ports_stay_on_the_outline_at_any_box_shape[centrifuge/disc],ERROR,passed,removed,svg_quadratic_fixture,yes,"All 492 errors share odd_box_sheets -> fs.to_svg -> _baked. That exception is SVG-only, but the generator discarded the fixed source aspect: native draw.io retained it while portgeom stretched its ports. Desktop 31.4.4 confirms the resulting diagonal approach. Preserving the source aspect and native connection rectangle fixes the shared cause and clears all setup errors; direct anisotropic Q baking remains SVG-only.",
tests/test_symbol_invariants.py::test_signal_ports_stay_on_the_outline_at_any_box_shape[centrifuge/high_speed],ERROR,passed,removed,svg_quadratic_fixture,yes,"All 492 errors share odd_box_sheets -> fs.to_svg -> _baked. That exception is SVG-only, but the generator discarded the fixed source aspect: native draw.io retained it while portgeom stretched its ports. Desktop 31.4.4 confirms the resulting diagonal approach. Preserving the source aspect and native connection rectangle fixes the shared cause and clears all setup errors; direct anisotropic Q baking remains SVG-only.",
tests/test_symbol_invariants.py::test_signal_ports_stay_on_the_outline_at_any_box_shape[centrifuge/perforated_shell],ERROR,passed,removed,svg_quadratic_fixture,yes,"All 492 errors share odd_box_sheets -> fs.to_svg -> _baked. That exception is SVG-only, but the generator discarded the fixed source aspect: native draw.io retained it while portgeom stretched its ports. Desktop 31.4.4 confirms the resulting diagonal approach. Preserving the source aspect and native connection rectangle fixes the shared cause and clears all setup errors; direct anisotropic Q baking remains SVG-only.",
tests/test_symbol_invariants.py::test_signal_ports_stay_on_the_outline_at_any_box_shape[centrifuge/pusher],ERROR,passed,removed,svg_quadratic_fixture,yes,"All 492 errors share odd_box_sheets -> fs.to_svg -> _baked. That exception is SVG-only, but the generator discarded the fixed source aspect: native draw.io retained it while portgeom stretched its ports. Desktop 31.4.4 confirms the resulting diagonal approach. Preserving the source aspect and native connection rectangle fixes the shared cause and clears all setup errors; direct anisotropic Q baking remains SVG-only.",
tests/test_symbol_invariants.py::test_signal_ports_stay_on_the_outline_at_any_box_shape[centrifuge/screw_perforated],ERROR,passed,removed,svg_quadratic_fixture,yes,"All 492 errors share odd_box_sheets -> fs.to_svg -> _baked. That exception is SVG-only, but the generator discarded the fixed source aspect: native draw.io retained it while portgeom stretched its ports. Desktop 31.4.4 confirms the resulting diagonal approach. Preserving the source aspect and native connection rectangle fixes the shared cause and clears all setup errors; direct anisotropic Q baking remains SVG-only.",
tests/test_symbol_invariants.py::test_signal_ports_stay_on_the_outline_at_any_box_shape[centrifuge/skimmer],ERROR,passed,removed,svg_quadratic_fixture,yes,"All 492 errors share odd_box_sheets -> fs.to_svg -> _baked. That exception is SVG-only, but the generator discarded the fixed source aspect: native draw.io retained it while portgeom stretched its ports. Desktop 31.4.4 confirms the resulting diagonal approach. Preserving the source aspect and native connection rectangle fixes the shared cause and clears all setup errors; direct anisotropic Q baking remains SVG-only.",
tests/test_symbol_invariants.py::test_signal_ports_stay_on_the_outline_at_any_box_shape[centrifuge/solid_shell],ERROR,passed,removed,svg_quadratic_fixture,yes,"All 492 errors share odd_box_sheets -> fs.to_svg -> _baked. That exception is SVG-only, but the generator discarded the fixed source aspect: native draw.io retained it while portgeom stretched its ports. Desktop 31.4.4 confirms the resulting diagonal approach. Preserving the source aspect and native connection rectangle fixes the shared cause and clears all setup errors; direct anisotropic Q baking remains SVG-only.",
tests/test_symbol_invariants.py::test_signal_ports_stay_on_the_outline_at_any_box_shape[column/default],ERROR,passed,removed,svg_quadratic_fixture,yes,"All 492 errors share odd_box_sheets -> fs.to_svg -> _baked. That exception is SVG-only, but the generator discarded the fixed source aspect: native draw.io retained it while portgeom stretched its ports. Desktop 31.4.4 confirms the resulting diagonal approach. Preserving the source aspect and native connection rectangle fixes the shared cause and clears all setup errors; direct anisotropic Q baking remains SVG-only.",
tests/test_symbol_invariants.py::test_signal_ports_stay_on_the_outline_at_any_box_shape[column/packed],ERROR,passed,removed,svg_quadratic_fixture,yes,"All 492 errors share odd_box_sheets -> fs.to_svg -> _baked. That exception is SVG-only, but the generator discarded the fixed source aspect: native draw.io retained it while portgeom stretched its ports. Desktop 31.4.4 confirms the resulting diagonal approach. Preserving the source aspect and native connection rectangle fixes the shared cause and clears all setup errors; direct anisotropic Q baking remains SVG-only.",
tests/test_symbol_invariants.py::test_signal_ports_stay_on_the_outline_at_any_box_shape[compressor/default],ERROR,passed,removed,svg_quadratic_fixture,yes,"All 492 errors share odd_box_sheets -> fs.to_svg -> _baked. That exception is SVG-only, but the generator discarded the fixed source aspect: native draw.io retained it while portgeom stretched its ports. Desktop 31.4.4 confirms the resulting diagonal approach. Preserving the source aspect and native connection rectangle fixes the shared cause and clears all setup errors; direct anisotropic Q baking remains SVG-only.",
tests/test_symbol_invariants.py::test_signal_ports_stay_on_the_outline_at_any_box_shape[compressor/liquid_ring],ERROR,passed,removed,svg_quadratic_fixture,yes,"All 492 errors share odd_box_sheets -> fs.to_svg -> _baked. That exception is SVG-only, but the generator discarded the fixed source aspect: native draw.io retained it while portgeom stretched its ports. Desktop 31.4.4 confirms the resulting diagonal approach. Preserving the source aspect and native connection rectangle fixes the shared cause and clears all setup errors; direct anisotropic Q baking remains SVG-only.",
tests/test_symbol_invariants.py::test_signal_ports_stay_on_the_outline_at_any_box_shape[compressor/reciprocating],ERROR,passed,removed,svg_quadratic_fixture,yes,"All 492 errors share odd_box_sheets -> fs.to_svg -> _baked. That exception is SVG-only, but the generator discarded the fixed source aspect: native draw.io retained it while portgeom stretched its ports. Desktop 31.4.4 confirms the resulting diagonal approach. Preserving the source aspect and native connection rectangle fixes the shared cause and clears all setup errors; direct anisotropic Q baking remains SVG-only.",
tests/test_symbol_invariants.py::test_signal_ports_stay_on_the_outline_at_any_box_shape[compressor/rotary],ERROR,passed,removed,svg_quadratic_fixture,yes,"All 492 errors share odd_box_sheets -> fs.to_svg -> _baked. That exception is SVG-only, but the generator discarded the fixed source aspect: native draw.io retained it while portgeom stretched its ports. Desktop 31.4.4 confirms the resulting diagonal approach. Preserving the source aspect and native connection rectangle fixes the shared cause and clears all setup errors; direct anisotropic Q baking remains SVG-only.",
tests/test_symbol_invariants.py::test_signal_ports_stay_on_the_outline_at_any_box_shape[concrete_basin/default],ERROR,passed,removed,svg_quadratic_fixture,yes,"All 492 errors share odd_box_sheets -> fs.to_svg -> _baked. That exception is SVG-only, but the generator discarded the fixed source aspect: native draw.io retained it while portgeom stretched its ports. Desktop 31.4.4 confirms the resulting diagonal approach. Preserving the source aspect and native connection rectangle fixes the shared cause and clears all setup errors; direct anisotropic Q baking remains SVG-only.",
tests/test_symbol_invariants.py::test_signal_ports_stay_on_the_outline_at_any_box_shape[conveyor/default],ERROR,skipped,removed,svg_quadratic_fixture,yes,"All 492 errors share odd_box_sheets -> fs.to_svg -> _baked. That exception is SVG-only, but the generator discarded the fixed source aspect: native draw.io retained it while portgeom stretched its ports. Desktop 31.4.4 confirms the resulting diagonal approach. Preserving the source aspect and native connection rectangle fixes the shared cause and clears all setup errors; direct anisotropic Q baking remains SVG-only.",Setup error cleared; the existing test applies its unchanged kind/port skip rule.
tests/test_symbol_invariants.py::test_signal_ports_stay_on_the_outline_at_any_box_shape[conveyor/screw],ERROR,skipped,removed,svg_quadratic_fixture,yes,"All 492 errors share odd_box_sheets -> fs.to_svg -> _baked. That exception is SVG-only, but the generator discarded the fixed source aspect: native draw.io retained it while portgeom stretched its ports. Desktop 31.4.4 confirms the resulting diagonal approach. Preserving the source aspect and native connection rectangle fixes the shared cause and clears all setup errors; direct anisotropic Q baking remains SVG-only.",Setup error cleared; the existing test applies its unchanged kind/port skip rule.
tests/test_symbol_invariants.py::test_signal_ports_stay_on_the_outline_at_any_box_shape[cooler/default],ERROR,passed,removed,svg_quadratic_fixture,yes,"All 492 errors share odd_box_sheets -> fs.to_svg -> _baked. That exception is SVG-only, but the generator discarded the fixed source aspect: native draw.io retained it while portgeom stretched its ports. Desktop 31.4.4 confirms the resulting diagonal approach. Preserving the source aspect and native connection rectangle fixes the shared cause and clears all setup errors; direct anisotropic Q baking remains SVG-only.",
tests/test_symbol_invariants.py::test_signal_ports_stay_on_the_outline_at_any_box_shape[cooling_tower/default],ERROR,passed,removed,svg_quadratic_fixture,yes,"All 492 errors share odd_box_sheets -> fs.to_svg -> _baked. That exception is SVG-only, but the generator discarded the fixed source aspect: native draw.io retained it while portgeom stretched its ports. Desktop 31.4.4 confirms the resulting diagonal approach. Preserving the source aspect and native connection rectangle fixes the shared cause and clears all setup errors; direct anisotropic Q baking remains SVG-only.",
tests/test_symbol_invariants.py::test_signal_ports_stay_on_the_outline_at_any_box_shape[cooling_tower/dry_forced],ERROR,passed,removed,svg_quadratic_fixture,yes,"All 492 errors share odd_box_sheets -> fs.to_svg -> _baked. That exception is SVG-only, but the generator discarded the fixed source aspect: native draw.io retained it while portgeom stretched its ports. Desktop 31.4.4 confirms the resulting diagonal approach. Preserving the source aspect and native connection rectangle fixes the shared cause and clears all setup errors; direct anisotropic Q baking remains SVG-only.",
tests/test_symbol_invariants.py::test_signal_ports_stay_on_the_outline_at_any_box_shape[cooling_tower/dry_induced],ERROR,passed,removed,svg_quadratic_fixture,yes,"All 492 errors share odd_box_sheets -> fs.to_svg -> _baked. That exception is SVG-only, but the generator discarded the fixed source aspect: native draw.io retained it while portgeom stretched its ports. Desktop 31.4.4 confirms the resulting diagonal approach. Preserving the source aspect and native connection rectangle fixes the shared cause and clears all setup errors; direct anisotropic Q baking remains SVG-only.",
tests/test_symbol_invariants.py::test_signal_ports_stay_on_the_outline_at_any_box_shape[cooling_tower/dry_natural],ERROR,passed,removed,svg_quadratic_fixture,yes,"All 492 errors share odd_box_sheets -> fs.to_svg -> _baked. That exception is SVG-only, but the generator discarded the fixed source aspect: native draw.io retained it while portgeom stretched its ports. Desktop 31.4.4 confirms the resulting diagonal approach. Preserving the source aspect and native connection rectangle fixes the shared cause and clears all setup errors; direct anisotropic Q baking remains SVG-only.",
tests/test_symbol_invariants.py::test_signal_ports_stay_on_the_outline_at_any_box_shape[cooling_tower/forced_draft],ERROR,passed,removed,svg_quadratic_fixture,yes,"All 492 errors share odd_box_sheets -> fs.to_svg -> _baked. That exception is SVG-only, but the generator discarded the fixed source aspect: native draw.io retained it while portgeom stretched its ports. Desktop 31.4.4 confirms the resulting diagonal approach. Preserving the source aspect and native connection rectangle fixes the shared cause and clears all setup errors; direct anisotropic Q baking remains SVG-only.",
tests/test_symbol_invariants.py::test_signal_ports_stay_on_the_outline_at_any_box_shape[cooling_tower/general],ERROR,passed,removed,svg_quadratic_fixture,yes,"All 492 errors share odd_box_sheets -> fs.to_svg -> _baked. That exception is SVG-only, but the generator discarded the fixed source aspect: native draw.io retained it while portgeom stretched its ports. Desktop 31.4.4 confirms the resulting diagonal approach. Preserving the source aspect and native connection rectangle fixes the shared cause and clears all setup errors; direct anisotropic Q baking remains SVG-only.",
tests/test_symbol_invariants.py::test_signal_ports_stay_on_the_outline_at_any_box_shape[cooling_tower/induced_draft],ERROR,passed,removed,svg_quadratic_fixture,yes,"All 492 errors share odd_box_sheets -> fs.to_svg -> _baked. That exception is SVG-only, but the generator discarded the fixed source aspect: native draw.io retained it while portgeom stretched its ports. Desktop 31.4.4 confirms the resulting diagonal approach. Preserving the source aspect and native connection rectangle fixes the shared cause and clears all setup errors; direct anisotropic Q baking remains SVG-only.",
tests/test_symbol_invariants.py::test_signal_ports_stay_on_the_outline_at_any_box_shape[cooling_tower/wet_dry_natural],ERROR,passed,removed,svg_quadratic_fixture,yes,"All 492 errors share odd_box_sheets -> fs.to_svg -> _baked. That exception is SVG-only, but the generator discarded the fixed source aspect: native draw.io retained it while portgeom stretched its ports. Desktop 31.4.4 confirms the resulting diagonal approach. Preserving the source aspect and native connection rectangle fixes the shared cause and clears all setup errors; direct anisotropic Q baking remains SVG-only.",
tests/test_symbol_invariants.py::test_signal_ports_stay_on_the_outline_at_any_box_shape[cooling_tower/wet_forced],ERROR,passed,removed,svg_quadratic_fixture,yes,"All 492 errors share odd_box_sheets -> fs.to_svg -> _baked. That exception is SVG-only, but the generator discarded the fixed source aspect: native draw.io retained it while portgeom stretched its ports. Desktop 31.4.4 confirms the resulting diagonal approach. Preserving the source aspect and native connection rectangle fixes the shared cause and clears all setup errors; direct anisotropic Q baking remains SVG-only.",
tests/test_symbol_invariants.py::test_signal_ports_stay_on_the_outline_at_any_box_shape[cooling_tower/wet_induced],ERROR,passed,removed,svg_quadratic_fixture,yes,"All 492 errors share odd_box_sheets -> fs.to_svg -> _baked. That exception is SVG-only, but the generator discarded the fixed source aspect: native draw.io retained it while portgeom stretched its ports. Desktop 31.4.4 confirms the resulting diagonal approach. Preserving the source aspect and native connection rectangle fixes the shared cause and clears all setup errors; direct anisotropic Q baking remains SVG-only.",
tests/test_symbol_invariants.py::test_signal_ports_stay_on_the_outline_at_any_box_shape[cooling_tower/wet_natural],ERROR,passed,removed,svg_quadratic_fixture,yes,"All 492 errors share odd_box_sheets -> fs.to_svg -> _baked. That exception is SVG-only, but the generator discarded the fixed source aspect: native draw.io retained it while portgeom stretched its ports. Desktop 31.4.4 confirms the resulting diagonal approach. Preserving the source aspect and native connection rectangle fixes the shared cause and clears all setup errors; direct anisotropic Q baking remains SVG-only.",
tests/test_symbol_invariants.py::test_signal_ports_stay_on_the_outline_at_any_box_shape[crusher/cone],ERROR,passed,removed,svg_quadratic_fixture,yes,"All 492 errors share odd_box_sheets -> fs.to_svg -> _baked. That exception is SVG-only, but the generator discarded the fixed source aspect: native draw.io retained it while portgeom stretched its ports. Desktop 31.4.4 confirms the resulting diagonal approach. Preserving the source aspect and native connection rectangle fixes the shared cause and clears all setup errors; direct anisotropic Q baking remains SVG-only.",
tests/test_symbol_invariants.py::test_signal_ports_stay_on_the_outline_at_any_box_shape[crusher/default],ERROR,passed,removed,svg_quadratic_fixture,yes,"All 492 errors share odd_box_sheets -> fs.to_svg -> _baked. That exception is SVG-only, but the generator discarded the fixed source aspect: native draw.io retained it while portgeom stretched its ports. Desktop 31.4.4 confirms the resulting diagonal approach. Preserving the source aspect and native connection rectangle fixes the shared cause and clears all setup errors; direct anisotropic Q baking remains SVG-only.",
tests/test_symbol_invariants.py::test_signal_ports_stay_on_the_outline_at_any_box_shape[crusher/hammer],ERROR,passed,removed,svg_quadratic_fixture,yes,"All 492 errors share odd_box_sheets -> fs.to_svg -> _baked. That exception is SVG-only, but the generator discarded the fixed source aspect: native draw.io retained it while portgeom stretched its ports. Desktop 31.4.4 confirms the resulting diagonal approach. Preserving the source aspect and native connection rectangle fixes the shared cause and clears all setup errors; direct anisotropic Q baking remains SVG-only.",
tests/test_symbol_invariants.py::test_signal_ports_stay_on_the_outline_at_any_box_shape[crusher/impact],ERROR,passed,removed,svg_quadratic_fixture,yes,"All 492 errors share odd_box_sheets -> fs.to_svg -> _baked. That exception is SVG-only, but the generator discarded the fixed source aspect: native draw.io retained it while portgeom stretched its ports. Desktop 31.4.4 confirms the resulting diagonal approach. Preserving the source aspect and native connection rectangle fixes the shared cause and clears all setup errors; direct anisotropic Q baking remains SVG-only.",
tests/test_symbol_invariants.py::test_signal_ports_stay_on_the_outline_at_any_box_shape[crusher/jaw],ERROR,passed,removed,svg_quadratic_fixture,yes,"All 492 errors share odd_box_sheets -> fs.to_svg -> _baked. That exception is SVG-only, but the generator discarded the fixed source aspect: native draw.io retained it while portgeom stretched its ports. Desktop 31.4.4 confirms the resulting diagonal approach. Preserving the source aspect and native connection rectangle fixes the shared cause and clears all setup errors; direct anisotropic Q baking remains SVG-only.",
tests/test_symbol_invariants.py::test_signal_ports_stay_on_the_outline_at_any_box_shape[crusher/roller],ERROR,passed,removed,svg_quadratic_fixture,yes,"All 492 errors share odd_box_sheets -> fs.to_svg -> _baked. That exception is SVG-only, but the generator discarded the fixed source aspect: native draw.io retained it while portgeom stretched its ports. Desktop 31.4.4 confirms the resulting diagonal approach. Preserving the source aspect and native connection rectangle fixes the shared cause and clears all setup errors; direct anisotropic Q baking remains SVG-only.",
tests/test_symbol_invariants.py::test_signal_ports_stay_on_the_outline_at_any_box_shape[crushing_machine/default],ERROR,passed,removed,svg_quadratic_fixture,yes,"All 492 errors share odd_box_sheets -> fs.to_svg -> _baked. That exception is SVG-only, but the generator discarded the fixed source aspect: native draw.io retained it while portgeom stretched its ports. Desktop 31.4.4 confirms the resulting diagonal approach. Preserving the source aspect and native connection rectangle fixes the shared cause and clears all setup errors; direct anisotropic Q baking remains SVG-only.",
tests/test_symbol_invariants.py::test_signal_ports_stay_on_the_outline_at_any_box_shape[dryer/belt],ERROR,passed,removed,svg_quadratic_fixture,yes,"All 492 errors share odd_box_sheets -> fs.to_svg -> _baked. That exception is SVG-only, but the generator discarded the fixed source aspect: native draw.io retained it while portgeom stretched its ports. Desktop 31.4.4 confirms the resulting diagonal approach. Preserving the source aspect and native connection rectangle fixes the shared cause and clears all setup errors; direct anisotropic Q baking remains SVG-only.",
tests/test_symbol_invariants.py::test_signal_ports_stay_on_the_outline_at_any_box_shape[dryer/default],ERROR,passed,removed,svg_quadratic_fixture,yes,"All 492 errors share odd_box_sheets -> fs.to_svg -> _baked. That exception is SVG-only, but the generator discarded the fixed source aspect: native draw.io retained it while portgeom stretched its ports. Desktop 31.4.4 confirms the resulting diagonal approach. Preserving the source aspect and native connection rectangle fixes the shared cause and clears all setup errors; direct anisotropic Q baking remains SVG-only.",
tests/test_symbol_invariants.py::test_signal_ports_stay_on_the_outline_at_any_box_shape[dryer/fluidized_bed],ERROR,passed,removed,svg_quadratic_fixture,yes,"All 492 errors share odd_box_sheets -> fs.to_svg -> _baked. That exception is SVG-only, but the generator discarded the fixed source aspect: native draw.io retained it while portgeom stretched its ports. Desktop 31.4.4 confirms the resulting diagonal approach. Preserving the source aspect and native connection rectangle fixes the shared cause and clears all setup errors; direct anisotropic Q baking remains SVG-only.",
tests/test_symbol_invariants.py::test_signal_ports_stay_on_the_outline_at_any_box_shape[dryer/general],ERROR,passed,removed,svg_quadratic_fixture,yes,"All 492 errors share odd_box_sheets -> fs.to_svg -> _baked. That exception is SVG-only, but the generator discarded the fixed source aspect: native draw.io retained it while portgeom stretched its ports. Desktop 31.4.4 confirms the resulting diagonal approach. Preserving the source aspect and native connection rectangle fixes the shared cause and clears all setup errors; direct anisotropic Q baking remains SVG-only.",
tests/test_symbol_invariants.py::test_signal_ports_stay_on_the_outline_at_any_box_shape[dryer/shelf],ERROR,passed,removed,svg_quadratic_fixture,yes,"All 492 errors share odd_box_sheets -> fs.to_svg -> _baked. That exception is SVG-only, but the generator discarded the fixed source aspect: native draw.io retained it while portgeom stretched its ports. Desktop 31.4.4 confirms the resulting diagonal approach. Preserving the source aspect and native connection rectangle fixes the shared cause and clears all setup errors; direct anisotropic Q baking remains SVG-only.",
tests/test_symbol_invariants.py::test_signal_ports_stay_on_the_outline_at_any_box_shape[dryer/spray],ERROR,passed,removed,svg_quadratic_fixture,yes,"All 492 errors share odd_box_sheets -> fs.to_svg -> _baked. That exception is SVG-only, but the generator discarded the fixed source aspect: native draw.io retained it while portgeom stretched its ports. Desktop 31.4.4 confirms the resulting diagonal approach. Preserving the source aspect and native connection rectangle fixes the shared cause and clears all setup errors; direct anisotropic Q baking remains SVG-only.",
tests/test_symbol_invariants.py::test_signal_ports_stay_on_the_outline_at_any_box_shape[dryer/turbo],ERROR,passed,removed,svg_quadratic_fixture,yes,"All 492 errors share odd_box_sheets -> fs.to_svg -> _baked. That exception is SVG-only, but the generator discarded the fixed source aspect: native draw.io retained it while portgeom stretched its ports. Desktop 31.4.4 confirms the resulting diagonal approach. Preserving the source aspect and native connection rectangle fixes the shared cause and clears all setup errors; direct anisotropic Q baking remains SVG-only.",
tests/test_symbol_invariants.py::test_signal_ports_stay_on_the_outline_at_any_box_shape[ejector/default],ERROR,passed,removed,svg_quadratic_fixture,yes,"All 492 errors share odd_box_sheets -> fs.to_svg -> _baked. That exception is SVG-only, but the generator discarded the fixed source aspect: native draw.io retained it while portgeom stretched its ports. Desktop 31.4.4 confirms the resulting diagonal approach. Preserving the source aspect and native connection rectangle fixes the shared cause and clears all setup errors; direct anisotropic Q baking remains SVG-only.",
tests/test_symbol_invariants.py::test_signal_ports_stay_on_the_outline_at_any_box_shape[elevator/default],ERROR,passed,removed,svg_quadratic_fixture,yes,"All 492 errors share odd_box_sheets -> fs.to_svg -> _baked. That exception is SVG-only, but the generator discarded the fixed source aspect: native draw.io retained it while portgeom stretched its ports. Desktop 31.4.4 confirms the resulting diagonal approach. Preserving the source aspect and native connection rectangle fixes the shared cause and clears all setup errors; direct anisotropic Q baking remains SVG-only.",
tests/test_symbol_invariants.py::test_signal_ports_stay_on_the_outline_at_any_box_shape[elevator/z_form],ERROR,passed,removed,svg_quadratic_fixture,yes,"All 492 errors share odd_box_sheets -> fs.to_svg -> _baked. That exception is SVG-only, but the generator discarded the fixed source aspect: native draw.io retained it while portgeom stretched its ports. Desktop 31.4.4 confirms the resulting diagonal approach. Preserving the source aspect and native connection rectangle fixes the shared cause and clears all setup errors; direct anisotropic Q baking remains SVG-only.",
tests/test_symbol_invariants.py::test_signal_ports_stay_on_the_outline_at_any_box_shape[evaporator/calandria],ERROR,passed,removed,svg_quadratic_fixture,yes,"All 492 errors share odd_box_sheets -> fs.to_svg -> _baked. That exception is SVG-only, but the generator discarded the fixed source aspect: native draw.io retained it while portgeom stretched its ports. Desktop 31.4.4 confirms the resulting diagonal approach. Preserving the source aspect and native connection rectangle fixes the shared cause and clears all setup errors; direct anisotropic Q baking remains SVG-only.",
tests/test_symbol_invariants.py::test_signal_ports_stay_on_the_outline_at_any_box_shape[evaporator/climbing_film],ERROR,passed,removed,svg_quadratic_fixture,yes,"All 492 errors share odd_box_sheets -> fs.to_svg -> _baked. That exception is SVG-only, but the generator discarded the fixed source aspect: native draw.io retained it while portgeom stretched its ports. Desktop 31.4.4 confirms the resulting diagonal approach. Preserving the source aspect and native connection rectangle fixes the shared cause and clears all setup errors; direct anisotropic Q baking remains SVG-only.",
tests/test_symbol_invariants.py::test_signal_ports_stay_on_the_outline_at_any_box_shape[evaporator/default],ERROR,passed,removed,svg_quadratic_fixture,yes,"All 492 errors share odd_box_sheets -> fs.to_svg -> _baked. That exception is SVG-only, but the generator discarded the fixed source aspect: native draw.io retained it while portgeom stretched its ports. Desktop 31.4.4 confirms the resulting diagonal approach. Preserving the source aspect and native connection rectangle fixes the shared cause and clears all setup errors; direct anisotropic Q baking remains SVG-only.",
tests/test_symbol_invariants.py::test_signal_ports_stay_on_the_outline_at_any_box_shape[evaporator/falling_film],ERROR,passed,removed,svg_quadratic_fixture,yes,"All 492 errors share odd_box_sheets -> fs.to_svg -> _baked. That exception is SVG-only, but the generator discarded the fixed source aspect: native draw.io retained it while portgeom stretched its ports. Desktop 31.4.4 confirms the resulting diagonal approach. Preserving the source aspect and native connection rectangle fixes the shared cause and clears all setup errors; direct anisotropic Q baking remains SVG-only.",
tests/test_symbol_invariants.py::test_signal_ports_stay_on_the_outline_at_any_box_shape[evaporator/plate],ERROR,passed,removed,svg_quadratic_fixture,yes,"All 492 errors share odd_box_sheets -> fs.to_svg -> _baked. That exception is SVG-only, but the generator discarded the fixed source aspect: native draw.io retained it while portgeom stretched its ports. Desktop 31.4.4 confirms the resulting diagonal approach. Preserving the source aspect and native connection rectangle fixes the shared cause and clears all setup errors; direct anisotropic Q baking remains SVG-only.",
tests/test_symbol_invariants.py::test_signal_ports_stay_on_the_outline_at_any_box_shape[feed/default],ERROR,skipped,removed,svg_quadratic_fixture,yes,"All 492 errors share odd_box_sheets -> fs.to_svg -> _baked. That exception is SVG-only, but the generator discarded the fixed source aspect: native draw.io retained it while portgeom stretched its ports. Desktop 31.4.4 confirms the resulting diagonal approach. Preserving the source aspect and native connection rectangle fixes the shared cause and clears all setup errors; direct anisotropic Q baking remains SVG-only.",Setup error cleared; the existing test applies its unchanged kind/port skip rule.
tests/test_symbol_invariants.py::test_signal_ports_stay_on_the_outline_at_any_box_shape[feeder/general],ERROR,passed,removed,svg_quadratic_fixture,yes,"All 492 errors share odd_box_sheets -> fs.to_svg -> _baked. That exception is SVG-only, but the generator discarded the fixed source aspect: native draw.io retained it while portgeom stretched its ports. Desktop 31.4.4 confirms the resulting diagonal approach. Preserving the source aspect and native connection rectangle fixes the shared cause and clears all setup errors; direct anisotropic Q baking remains SVG-only.",
tests/test_symbol_invariants.py::test_signal_ports_stay_on_the_outline_at_any_box_shape[feeder/metering],ERROR,passed,removed,svg_quadratic_fixture,yes,"All 492 errors share odd_box_sheets -> fs.to_svg -> _baked. That exception is SVG-only, but the generator discarded the fixed source aspect: native draw.io retained it while portgeom stretched its ports. Desktop 31.4.4 confirms the resulting diagonal approach. Preserving the source aspect and native connection rectangle fixes the shared cause and clears all setup errors; direct anisotropic Q baking remains SVG-only.",
tests/test_symbol_invariants.py::test_signal_ports_stay_on_the_outline_at_any_box_shape[feeder/rotary_table],ERROR,passed,removed,svg_quadratic_fixture,yes,"All 492 errors share odd_box_sheets -> fs.to_svg -> _baked. That exception is SVG-only, but the generator discarded the fixed source aspect: native draw.io retained it while portgeom stretched its ports. Desktop 31.4.4 confirms the resulting diagonal approach. Preserving the source aspect and native connection rectangle fixes the shared cause and clears all setup errors; direct anisotropic Q baking remains SVG-only.",
tests/test_symbol_invariants.py::test_signal_ports_stay_on_the_outline_at_any_box_shape[feeder/rotary_valve],ERROR,passed,removed,svg_quadratic_fixture,yes,"All 492 errors share odd_box_sheets -> fs.to_svg -> _baked. That exception is SVG-only, but the generator discarded the fixed source aspect: native draw.io retained it while portgeom stretched its ports. Desktop 31.4.4 confirms the resulting diagonal approach. Preserving the source aspect and native connection rectangle fixes the shared cause and clears all setup errors; direct anisotropic Q baking remains SVG-only.",
tests/test_symbol_invariants.py::test_signal_ports_stay_on_the_outline_at_any_box_shape[filter/belt],ERROR,passed,removed,svg_quadratic_fixture,yes,"All 492 errors share odd_box_sheets -> fs.to_svg -> _baked. That exception is SVG-only, but the generator discarded the fixed source aspect: native draw.io retained it while portgeom stretched its ports. Desktop 31.4.4 confirms the resulting diagonal approach. Preserving the source aspect and native connection rectangle fixes the shared cause and clears all setup errors; direct anisotropic Q baking remains SVG-only.",
tests/test_symbol_invariants.py::test_signal_ports_stay_on_the_outline_at_any_box_shape[filter/default],ERROR,passed,removed,svg_quadratic_fixture,yes,"All 492 errors share odd_box_sheets -> fs.to_svg -> _baked. That exception is SVG-only, but the generator discarded the fixed source aspect: native draw.io retained it while portgeom stretched its ports. Desktop 31.4.4 confirms the resulting diagonal approach. Preserving the source aspect and native connection rectangle fixes the shared cause and clears all setup errors; direct anisotropic Q baking remains SVG-only.",
tests/test_symbol_invariants.py::test_signal_ports_stay_on_the_outline_at_any_box_shape[filter/fixed_bed],ERROR,passed,removed,svg_quadratic_fixture,yes,"All 492 errors share odd_box_sheets -> fs.to_svg -> _baked. That exception is SVG-only, but the generator discarded the fixed source aspect: native draw.io retained it while portgeom stretched its ports. Desktop 31.4.4 confirms the resulting diagonal approach. Preserving the source aspect and native connection rectangle fixes the shared cause and clears all setup errors; direct anisotropic Q baking remains SVG-only.",
tests/test_symbol_invariants.py::test_signal_ports_stay_on_the_outline_at_any_box_shape[filter/gas],ERROR,passed,removed,svg_quadratic_fixture,yes,"All 492 errors share odd_box_sheets -> fs.to_svg -> _baked. That exception is SVG-only, but the generator discarded the fixed source aspect: native draw.io retained it while portgeom stretched its ports. Desktop 31.4.4 confirms the resulting diagonal approach. Preserving the source aspect and native connection rectangle fixes the shared cause and clears all setup errors; direct anisotropic Q baking remains SVG-only.",
tests/test_symbol_invariants.py::test_signal_ports_stay_on_the_outline_at_any_box_shape[filter/gas_belt],ERROR,passed,removed,svg_quadratic_fixture,yes,"All 492 errors share odd_box_sheets -> fs.to_svg -> _baked. That exception is SVG-only, but the generator discarded the fixed source aspect: native draw.io retained it while portgeom stretched its ports. Desktop 31.4.4 confirms the resulting diagonal approach. Preserving the source aspect and native connection rectangle fixes the shared cause and clears all setup errors; direct anisotropic Q baking remains SVG-only.",
tests/test_symbol_invariants.py::test_signal_ports_stay_on_the_outline_at_any_box_shape[filter/gas_fixed_bed],ERROR,passed,removed,svg_quadratic_fixture,yes,"All 492 errors share odd_box_sheets -> fs.to_svg -> _baked. That exception is SVG-only, but the generator discarded the fixed source aspect: native draw.io retained it while portgeom stretched its ports. Desktop 31.4.4 confirms the resulting diagonal approach. Preserving the source aspect and native connection rectangle fixes the shared cause and clears all setup errors; direct anisotropic Q baking remains SVG-only.",
tests/test_symbol_invariants.py::test_signal_ports_stay_on_the_outline_at_any_box_shape[filter/ion_exchange],ERROR,passed,removed,svg_quadratic_fixture,yes,"All 492 errors share odd_box_sheets -> fs.to_svg -> _baked. That exception is SVG-only, but the generator discarded the fixed source aspect: native draw.io retained it while portgeom stretched its ports. Desktop 31.4.4 confirms the resulting diagonal approach. Preserving the source aspect and native connection rectangle fixes the shared cause and clears all setup errors; direct anisotropic Q baking remains SVG-only.",
tests/test_symbol_invariants.py::test_signal_ports_stay_on_the_outline_at_any_box_shape[filter/press],ERROR,passed,removed,svg_quadratic_fixture,yes,"All 492 errors share odd_box_sheets -> fs.to_svg -> _baked. That exception is SVG-only, but the generator discarded the fixed source aspect: native draw.io retained it while portgeom stretched its ports. Desktop 31.4.4 confirms the resulting diagonal approach. Preserving the source aspect and native connection rectangle fixes the shared cause and clears all setup errors; direct anisotropic Q baking remains SVG-only.",
tests/test_symbol_invariants.py::test_signal_ports_stay_on_the_outline_at_any_box_shape[filter/rotary],ERROR,passed,removed,svg_quadratic_fixture,yes,"All 492 errors share odd_box_sheets -> fs.to_svg -> _baked. That exception is SVG-only, but the generator discarded the fixed source aspect: native draw.io retained it while portgeom stretched its ports. Desktop 31.4.4 confirms the resulting diagonal approach. Preserving the source aspect and native connection rectangle fixes the shared cause and clears all setup errors; direct anisotropic Q baking remains SVG-only.",
tests/test_symbol_invariants.py::test_signal_ports_stay_on_the_outline_at_any_box_shape[filter/rotary_scraper],ERROR,passed,removed,svg_quadratic_fixture,yes,"All 492 errors share odd_box_sheets -> fs.to_svg -> _baked. That exception is SVG-only, but the generator discarded the fixed source aspect: native draw.io retained it while portgeom stretched its ports. Desktop 31.4.4 confirms the resulting diagonal approach. Preserving the source aspect and native connection rectangle fixes the shared cause and clears all setup errors; direct anisotropic Q baking remains SVG-only.",
tests/test_symbol_invariants.py::test_signal_ports_stay_on_the_outline_at_any_box_shape[fitting/averaging_pitot],ERROR,passed,removed,svg_quadratic_fixture,yes,"All 492 errors share odd_box_sheets -> fs.to_svg -> _baked. That exception is SVG-only, but the generator discarded the fixed source aspect: native draw.io retained it while portgeom stretched its ports. Desktop 31.4.4 confirms the resulting diagonal approach. Preserving the source aspect and native connection rectangle fixes the shared cause and clears all setup errors; direct anisotropic Q baking remains SVG-only.",
tests/test_symbol_invariants.py::test_signal_ports_stay_on_the_outline_at_any_box_shape[fitting/bellows],ERROR,passed,removed,svg_quadratic_fixture,yes,"All 492 errors share odd_box_sheets -> fs.to_svg -> _baked. That exception is SVG-only, but the generator discarded the fixed source aspect: native draw.io retained it while portgeom stretched its ports. Desktop 31.4.4 confirms the resulting diagonal approach. Preserving the source aspect and native connection rectangle fixes the shared cause and clears all setup errors; direct anisotropic Q baking remains SVG-only.",
tests/test_symbol_invariants.py::test_signal_ports_stay_on_the_outline_at_any_box_shape[fitting/blind],ERROR,passed,removed,svg_quadratic_fixture,yes,"All 492 errors share odd_box_sheets -> fs.to_svg -> _baked. That exception is SVG-only, but the generator discarded the fixed source aspect: native draw.io retained it while portgeom stretched its ports. Desktop 31.4.4 confirms the resulting diagonal approach. Preserving the source aspect and native connection rectangle fixes the shared cause and clears all setup errors; direct anisotropic Q baking remains SVG-only.",
tests/test_symbol_invariants.py::test_signal_ports_stay_on_the_outline_at_any_box_shape[fitting/clamped_coupling],ERROR,passed,removed,svg_quadratic_fixture,yes,"All 492 errors share odd_box_sheets -> fs.to_svg -> _baked. That exception is SVG-only, but the generator discarded the fixed source aspect: native draw.io retained it while portgeom stretched its ports. Desktop 31.4.4 confirms the resulting diagonal approach. Preserving the source aspect and native connection rectangle fixes the shared cause and clears all setup errors; direct anisotropic Q baking remains SVG-only.",
tests/test_symbol_invariants.py::test_signal_ports_stay_on_the_outline_at_any_box_shape[fitting/coriolis],ERROR,passed,removed,svg_quadratic_fixture,yes,"All 492 errors share odd_box_sheets -> fs.to_svg -> _baked. That exception is SVG-only, but the generator discarded the fixed source aspect: native draw.io retained it while portgeom stretched its ports. Desktop 31.4.4 confirms the resulting diagonal approach. Preserving the source aspect and native connection rectangle fixes the shared cause and clears all setup errors; direct anisotropic Q baking remains SVG-only.",
tests/test_symbol_invariants.py::test_signal_ports_stay_on_the_outline_at_any_box_shape[fitting/coupling],ERROR,passed,removed,svg_quadratic_fixture,yes,"All 492 errors share odd_box_sheets -> fs.to_svg -> _baked. That exception is SVG-only, but the generator discarded the fixed source aspect: native draw.io retained it while portgeom stretched its ports. Desktop 31.4.4 confirms the resulting diagonal approach. Preserving the source aspect and native connection rectangle fixes the shared cause and clears all setup errors; direct anisotropic Q baking remains SVG-only.",
tests/test_symbol_invariants.py::test_signal_ports_stay_on_the_outline_at_any_box_shape[fitting/damper],ERROR,passed,removed,svg_quadratic_fixture,yes,"All 492 errors share odd_box_sheets -> fs.to_svg -> _baked. That exception is SVG-only, but the generator discarded the fixed source aspect: native draw.io retained it while portgeom stretched its ports. Desktop 31.4.4 confirms the resulting diagonal approach. Preserving the source aspect and native connection rectangle fixes the shared cause and clears all setup errors; direct anisotropic Q baking remains SVG-only.",
tests/test_symbol_invariants.py::test_signal_ports_stay_on_the_outline_at_any_box_shape[fitting/default],ERROR,passed,removed,svg_quadratic_fixture,yes,"All 492 errors share odd_box_sheets -> fs.to_svg -> _baked. That exception is SVG-only, but the generator discarded the fixed source aspect: native draw.io retained it while portgeom stretched its ports. Desktop 31.4.4 confirms the resulting diagonal approach. Preserving the source aspect and native connection rectangle fixes the shared cause and clears all setup errors; direct anisotropic Q baking remains SVG-only.",
tests/test_symbol_invariants.py::test_signal_ports_stay_on_the_outline_at_any_box_shape[fitting/expansion_joint],ERROR,passed,removed,svg_quadratic_fixture,yes,"All 492 errors share odd_box_sheets -> fs.to_svg -> _baked. That exception is SVG-only, but the generator discarded the fixed source aspect: native draw.io retained it while portgeom stretched its ports. Desktop 31.4.4 confirms the resulting diagonal approach. Preserving the source aspect and native connection rectangle fixes the shared cause and clears all setup errors; direct anisotropic Q baking remains SVG-only.",
tests/test_symbol_invariants.py::test_signal_ports_stay_on_the_outline_at_any_box_shape[fitting/flame_arrestor],ERROR,passed,removed,svg_quadratic_fixture,yes,"All 492 errors share odd_box_sheets -> fs.to_svg -> _baked. That exception is SVG-only, but the generator discarded the fixed source aspect: native draw.io retained it while portgeom stretched its ports. Desktop 31.4.4 confirms the resulting diagonal approach. Preserving the source aspect and native connection rectangle fixes the shared cause and clears all setup errors; direct anisotropic Q baking remains SVG-only.",
tests/test_symbol_invariants.py::test_signal_ports_stay_on_the_outline_at_any_box_shape[fitting/flame_arrestor_detonation_proof],ERROR,passed,removed,svg_quadratic_fixture,yes,"All 492 errors share odd_box_sheets -> fs.to_svg -> _baked. That exception is SVG-only, but the generator discarded the fixed source aspect: native draw.io retained it while portgeom stretched its ports. Desktop 31.4.4 confirms the resulting diagonal approach. Preserving the source aspect and native connection rectangle fixes the shared cause and clears all setup errors; direct anisotropic Q baking remains SVG-only.",
tests/test_symbol_invariants.py::test_signal_ports_stay_on_the_outline_at_any_box_shape[fitting/flame_arrestor_explosion_proof],ERROR,passed,removed,svg_quadratic_fixture,yes,"All 492 errors share odd_box_sheets -> fs.to_svg -> _baked. That exception is SVG-only, but the generator discarded the fixed source aspect: native draw.io retained it while portgeom stretched its ports. Desktop 31.4.4 confirms the resulting diagonal approach. Preserving the source aspect and native connection rectangle fixes the shared cause and clears all setup errors; direct anisotropic Q baking remains SVG-only.",
tests/test_symbol_invariants.py::test_signal_ports_stay_on_the_outline_at_any_box_shape[fitting/flame_arrestor_fire_resistant],ERROR,passed,removed,svg_quadratic_fixture,yes,"All 492 errors share odd_box_sheets -> fs.to_svg -> _baked. That exception is SVG-only, but the generator discarded the fixed source aspect: native draw.io retained it while portgeom stretched its ports. Desktop 31.4.4 confirms the resulting diagonal approach. Preserving the source aspect and native connection rectangle fixes the shared cause and clears all setup errors; direct anisotropic Q baking remains SVG-only.",
tests/test_symbol_invariants.py::test_signal_ports_stay_on_the_outline_at_any_box_shape[fitting/flange],ERROR,passed,removed,svg_quadratic_fixture,yes,"All 492 errors share odd_box_sheets -> fs.to_svg -> _baked. That exception is SVG-only, but the generator discarded the fixed source aspect: native draw.io retained it while portgeom stretched its ports. Desktop 31.4.4 confirms the resulting diagonal approach. Preserving the source aspect and native connection rectangle fixes the shared cause and clears all setup errors; direct anisotropic Q baking remains SVG-only.",
tests/test_symbol_invariants.py::test_signal_ports_stay_on_the_outline_at_any_box_shape[fitting/flow_nozzle],ERROR,passed,removed,svg_quadratic_fixture,yes,"All 492 errors share odd_box_sheets -> fs.to_svg -> _baked. That exception is SVG-only, but the generator discarded the fixed source aspect: native draw.io retained it while portgeom stretched its ports. Desktop 31.4.4 confirms the resulting diagonal approach. Preserving the source aspect and native connection rectangle fixes the shared cause and clears all setup errors; direct anisotropic Q baking remains SVG-only.",
tests/test_symbol_invariants.py::test_signal_ports_stay_on_the_outline_at_any_box_shape[fitting/hose],ERROR,passed,removed,svg_quadratic_fixture,yes,"All 492 errors share odd_box_sheets -> fs.to_svg -> _baked. That exception is SVG-only, but the generator discarded the fixed source aspect: native draw.io retained it while portgeom stretched its ports. Desktop 31.4.4 confirms the resulting diagonal approach. Preserving the source aspect and native connection rectangle fixes the shared cause and clears all setup errors; direct anisotropic Q baking remains SVG-only.",
tests/test_symbol_invariants.py::test_signal_ports_stay_on_the_outline_at_any_box_shape[fitting/magnetic],ERROR,passed,removed,svg_quadratic_fixture,yes,"All 492 errors share odd_box_sheets -> fs.to_svg -> _baked. That exception is SVG-only, but the generator discarded the fixed source aspect: native draw.io retained it while portgeom stretched its ports. Desktop 31.4.4 confirms the resulting diagonal approach. Preserving the source aspect and native connection rectangle fixes the shared cause and clears all setup errors; direct anisotropic Q baking remains SVG-only.",
tests/test_symbol_invariants.py::test_signal_ports_stay_on_the_outline_at_any_box_shape[fitting/mixing_path],ERROR,passed,removed,svg_quadratic_fixture,yes,"All 492 errors share odd_box_sheets -> fs.to_svg -> _baked. That exception is SVG-only, but the generator discarded the fixed source aspect: native draw.io retained it while portgeom stretched its ports. Desktop 31.4.4 confirms the resulting diagonal approach. Preserving the source aspect and native connection rectangle fixes the shared cause and clears all setup errors; direct anisotropic Q baking remains SVG-only.",
tests/test_symbol_invariants.py::test_signal_ports_stay_on_the_outline_at_any_box_shape[fitting/orifice],ERROR,passed,removed,svg_quadratic_fixture,yes,"All 492 errors share odd_box_sheets -> fs.to_svg -> _baked. That exception is SVG-only, but the generator discarded the fixed source aspect: native draw.io retained it while portgeom stretched its ports. Desktop 31.4.4 confirms the resulting diagonal approach. Preserving the source aspect and native connection rectangle fixes the shared cause and clears all setup errors; direct anisotropic Q baking remains SVG-only.",
tests/test_symbol_invariants.py::test_signal_ports_stay_on_the_outline_at_any_box_shape[fitting/pitot],ERROR,passed,removed,svg_quadratic_fixture,yes,"All 492 errors share odd_box_sheets -> fs.to_svg -> _baked. That exception is SVG-only, but the generator discarded the fixed source aspect: native draw.io retained it while portgeom stretched its ports. Desktop 31.4.4 confirms the resulting diagonal approach. Preserving the source aspect and native connection rectangle fixes the shared cause and clears all setup errors; direct anisotropic Q baking remains SVG-only.",
tests/test_symbol_invariants.py::test_signal_ports_stay_on_the_outline_at_any_box_shape[fitting/positive_displacement],ERROR,passed,removed,svg_quadratic_fixture,yes,"All 492 errors share odd_box_sheets -> fs.to_svg -> _baked. That exception is SVG-only, but the generator discarded the fixed source aspect: native draw.io retained it while portgeom stretched its ports. Desktop 31.4.4 confirms the resulting diagonal approach. Preserving the source aspect and native connection rectangle fixes the shared cause and clears all setup errors; direct anisotropic Q baking remains SVG-only.",
tests/test_symbol_invariants.py::test_signal_ports_stay_on_the_outline_at_any_box_shape[fitting/rotameter],ERROR,passed,removed,svg_quadratic_fixture,yes,"All 492 errors share odd_box_sheets -> fs.to_svg -> _baked. That exception is SVG-only, but the generator discarded the fixed source aspect: native draw.io retained it while portgeom stretched its ports. Desktop 31.4.4 confirms the resulting diagonal approach. Preserving the source aspect and native connection rectangle fixes the shared cause and clears all setup errors; direct anisotropic Q baking remains SVG-only.",
tests/test_symbol_invariants.py::test_signal_ports_stay_on_the_outline_at_any_box_shape[fitting/rotary_mixer],ERROR,passed,removed,svg_quadratic_fixture,yes,"All 492 errors share odd_box_sheets -> fs.to_svg -> _baked. That exception is SVG-only, but the generator discarded the fixed source aspect: native draw.io retained it while portgeom stretched its ports. Desktop 31.4.4 confirms the resulting diagonal approach. Preserving the source aspect and native connection rectangle fixes the shared cause and clears all setup errors; direct anisotropic Q baking remains SVG-only.",
tests/test_symbol_invariants.py::test_signal_ports_stay_on_the_outline_at_any_box_shape[fitting/rupture_disc],ERROR,passed,removed,svg_quadratic_fixture,yes,"All 492 errors share odd_box_sheets -> fs.to_svg -> _baked. That exception is SVG-only, but the generator discarded the fixed source aspect: native draw.io retained it while portgeom stretched its ports. Desktop 31.4.4 confirms the resulting diagonal approach. Preserving the source aspect and native connection rectangle fixes the shared cause and clears all setup errors; direct anisotropic Q baking remains SVG-only.",
tests/test_symbol_invariants.py::test_signal_ports_stay_on_the_outline_at_any_box_shape[fitting/sight_glass],ERROR,passed,removed,svg_quadratic_fixture,yes,"All 492 errors share odd_box_sheets -> fs.to_svg -> _baked. That exception is SVG-only, but the generator discarded the fixed source aspect: native draw.io retained it while portgeom stretched its ports. Desktop 31.4.4 confirms the resulting diagonal approach. Preserving the source aspect and native connection rectangle fixes the shared cause and clears all setup errors; direct anisotropic Q baking remains SVG-only.",
tests/test_symbol_invariants.py::test_signal_ports_stay_on_the_outline_at_any_box_shape[fitting/sight_glass_lit],ERROR,passed,removed,svg_quadratic_fixture,yes,"All 492 errors share odd_box_sheets -> fs.to_svg -> _baked. That exception is SVG-only, but the generator discarded the fixed source aspect: native draw.io retained it while portgeom stretched its ports. Desktop 31.4.4 confirms the resulting diagonal approach. Preserving the source aspect and native connection rectangle fixes the shared cause and clears all setup errors; direct anisotropic Q baking remains SVG-only.",
tests/test_symbol_invariants.py::test_signal_ports_stay_on_the_outline_at_any_box_shape[fitting/silencer],ERROR,passed,removed,svg_quadratic_fixture,yes,"All 492 errors share odd_box_sheets -> fs.to_svg -> _baked. That exception is SVG-only, but the generator discarded the fixed source aspect: native draw.io retained it while portgeom stretched its ports. Desktop 31.4.4 confirms the resulting diagonal approach. Preserving the source aspect and native connection rectangle fixes the shared cause and clears all setup errors; direct anisotropic Q baking remains SVG-only.",
tests/test_symbol_invariants.py::test_signal_ports_stay_on_the_outline_at_any_box_shape[fitting/spool],ERROR,passed,removed,svg_quadratic_fixture,yes,"All 492 errors share odd_box_sheets -> fs.to_svg -> _baked. That exception is SVG-only, but the generator discarded the fixed source aspect: native draw.io retained it while portgeom stretched its ports. Desktop 31.4.4 confirms the resulting diagonal approach. Preserving the source aspect and native connection rectangle fixes the shared cause and clears all setup errors; direct anisotropic Q baking remains SVG-only.",
tests/test_symbol_invariants.py::test_signal_ports_stay_on_the_outline_at_any_box_shape[fitting/static_mixer],ERROR,passed,removed,svg_quadratic_fixture,yes,"All 492 errors share odd_box_sheets -> fs.to_svg -> _baked. That exception is SVG-only, but the generator discarded the fixed source aspect: native draw.io retained it while portgeom stretched its ports. Desktop 31.4.4 confirms the resulting diagonal approach. Preserving the source aspect and native connection rectangle fixes the shared cause and clears all setup errors; direct anisotropic Q baking remains SVG-only.",
tests/test_symbol_invariants.py::test_signal_ports_stay_on_the_outline_at_any_box_shape[fitting/steam_trap],ERROR,passed,removed,svg_quadratic_fixture,yes,"All 492 errors share odd_box_sheets -> fs.to_svg -> _baked. That exception is SVG-only, but the generator discarded the fixed source aspect: native draw.io retained it while portgeom stretched its ports. Desktop 31.4.4 confirms the resulting diagonal approach. Preserving the source aspect and native connection rectangle fixes the shared cause and clears all setup errors; direct anisotropic Q baking remains SVG-only.",
tests/test_symbol_invariants.py::test_signal_ports_stay_on_the_outline_at_any_box_shape[fitting/strainer],ERROR,passed,removed,svg_quadratic_fixture,yes,"All 492 errors share odd_box_sheets -> fs.to_svg -> _baked. That exception is SVG-only, but the generator discarded the fixed source aspect: native draw.io retained it while portgeom stretched its ports. Desktop 31.4.4 confirms the resulting diagonal approach. Preserving the source aspect and native connection rectangle fixes the shared cause and clears all setup errors; direct anisotropic Q baking remains SVG-only.",
tests/test_symbol_invariants.py::test_signal_ports_stay_on_the_outline_at_any_box_shape[fitting/strainer_basket],ERROR,passed,removed,svg_quadratic_fixture,yes,"All 492 errors share odd_box_sheets -> fs.to_svg -> _baked. That exception is SVG-only, but the generator discarded the fixed source aspect: native draw.io retained it while portgeom stretched its ports. Desktop 31.4.4 confirms the resulting diagonal approach. Preserving the source aspect and native connection rectangle fixes the shared cause and clears all setup errors; direct anisotropic Q baking remains SVG-only.",
tests/test_symbol_invariants.py::test_signal_ports_stay_on_the_outline_at_any_box_shape[fitting/strainer_cone],ERROR,passed,removed,svg_quadratic_fixture,yes,"All 492 errors share odd_box_sheets -> fs.to_svg -> _baked. That exception is SVG-only, but the generator discarded the fixed source aspect: native draw.io retained it while portgeom stretched its ports. Desktop 31.4.4 confirms the resulting diagonal approach. Preserving the source aspect and native connection rectangle fixes the shared cause and clears all setup errors; direct anisotropic Q baking remains SVG-only.",
tests/test_symbol_invariants.py::test_signal_ports_stay_on_the_outline_at_any_box_shape[fitting/strainer_duplex],ERROR,passed,removed,svg_quadratic_fixture,yes,"All 492 errors share odd_box_sheets -> fs.to_svg -> _baked. That exception is SVG-only, but the generator discarded the fixed source aspect: native draw.io retained it while portgeom stretched its ports. Desktop 31.4.4 confirms the resulting diagonal approach. Preserving the source aspect and native connection rectangle fixes the shared cause and clears all setup errors; direct anisotropic Q baking remains SVG-only.",
tests/test_symbol_invariants.py::test_signal_ports_stay_on_the_outline_at_any_box_shape[fitting/strainer_y],ERROR,passed,removed,svg_quadratic_fixture,yes,"All 492 errors share odd_box_sheets -> fs.to_svg -> _baked. That exception is SVG-only, but the generator discarded the fixed source aspect: native draw.io retained it while portgeom stretched its ports. Desktop 31.4.4 confirms the resulting diagonal approach. Preserving the source aspect and native connection rectangle fixes the shared cause and clears all setup errors; direct anisotropic Q baking remains SVG-only.",
tests/test_symbol_invariants.py::test_signal_ports_stay_on_the_outline_at_any_box_shape[fitting/target],ERROR,passed,removed,svg_quadratic_fixture,yes,"All 492 errors share odd_box_sheets -> fs.to_svg -> _baked. That exception is SVG-only, but the generator discarded the fixed source aspect: native draw.io retained it while portgeom stretched its ports. Desktop 31.4.4 confirms the resulting diagonal approach. Preserving the source aspect and native connection rectangle fixes the shared cause and clears all setup errors; direct anisotropic Q baking remains SVG-only.",
tests/test_symbol_invariants.py::test_signal_ports_stay_on_the_outline_at_any_box_shape[fitting/turbine_meter],ERROR,passed,removed,svg_quadratic_fixture,yes,"All 492 errors share odd_box_sheets -> fs.to_svg -> _baked. That exception is SVG-only, but the generator discarded the fixed source aspect: native draw.io retained it while portgeom stretched its ports. Desktop 31.4.4 confirms the resulting diagonal approach. Preserving the source aspect and native connection rectangle fixes the shared cause and clears all setup errors; direct anisotropic Q baking remains SVG-only.",
tests/test_symbol_invariants.py::test_signal_ports_stay_on_the_outline_at_any_box_shape[fitting/ultrasonic],ERROR,passed,removed,svg_quadratic_fixture,yes,"All 492 errors share odd_box_sheets -> fs.to_svg -> _baked. That exception is SVG-only, but the generator discarded the fixed source aspect: native draw.io retained it while portgeom stretched its ports. Desktop 31.4.4 confirms the resulting diagonal approach. Preserving the source aspect and native connection rectangle fixes the shared cause and clears all setup errors; direct anisotropic Q baking remains SVG-only.",
tests/test_symbol_invariants.py::test_signal_ports_stay_on_the_outline_at_any_box_shape[fitting/v_cone],ERROR,passed,removed,svg_quadratic_fixture,yes,"All 492 errors share odd_box_sheets -> fs.to_svg -> _baked. That exception is SVG-only, but the generator discarded the fixed source aspect: native draw.io retained it while portgeom stretched its ports. Desktop 31.4.4 confirms the resulting diagonal approach. Preserving the source aspect and native connection rectangle fixes the shared cause and clears all setup errors; direct anisotropic Q baking remains SVG-only.",
tests/test_symbol_invariants.py::test_signal_ports_stay_on_the_outline_at_any_box_shape[fitting/venturi],ERROR,passed,removed,svg_quadratic_fixture,yes,"All 492 errors share odd_box_sheets -> fs.to_svg -> _baked. That exception is SVG-only, but the generator discarded the fixed source aspect: native draw.io retained it while portgeom stretched its ports. Desktop 31.4.4 confirms the resulting diagonal approach. Preserving the source aspect and native connection rectangle fixes the shared cause and clears all setup errors; direct anisotropic Q baking remains SVG-only.",
tests/test_symbol_invariants.py::test_signal_ports_stay_on_the_outline_at_any_box_shape[fitting/vortex],ERROR,passed,removed,svg_quadratic_fixture,yes,"All 492 errors share odd_box_sheets -> fs.to_svg -> _baked. That exception is SVG-only, but the generator discarded the fixed source aspect: native draw.io retained it while portgeom stretched its ports. Desktop 31.4.4 confirms the resulting diagonal approach. Preserving the source aspect and native connection rectangle fixes the shared cause and clears all setup errors; direct anisotropic Q baking remains SVG-only.",
tests/test_symbol_invariants.py::test_signal_ports_stay_on_the_outline_at_any_box_shape[fitting/wedge],ERROR,passed,removed,svg_quadratic_fixture,yes,"All 492 errors share odd_box_sheets -> fs.to_svg -> _baked. That exception is SVG-only, but the generator discarded the fixed source aspect: native draw.io retained it while portgeom stretched its ports. Desktop 31.4.4 confirms the resulting diagonal approach. Preserving the source aspect and native connection rectangle fixes the shared cause and clears all setup errors; direct anisotropic Q baking remains SVG-only.",
tests/test_symbol_invariants.py::test_signal_ports_stay_on_the_outline_at_any_box_shape[flare/default],ERROR,passed,removed,svg_quadratic_fixture,yes,"All 492 errors share odd_box_sheets -> fs.to_svg -> _baked. That exception is SVG-only, but the generator discarded the fixed source aspect: native draw.io retained it while portgeom stretched its ports. Desktop 31.4.4 confirms the resulting diagonal approach. Preserving the source aspect and native connection rectangle fixes the shared cause and clears all setup errors; direct anisotropic Q baking remains SVG-only.",
tests/test_symbol_invariants.py::test_signal_ports_stay_on_the_outline_at_any_box_shape[funnel/default],ERROR,passed,removed,svg_quadratic_fixture,yes,"All 492 errors share odd_box_sheets -> fs.to_svg -> _baked. That exception is SVG-only, but the generator discarded the fixed source aspect: native draw.io retained it while portgeom stretched its ports. Desktop 31.4.4 confirms the resulting diagonal approach. Preserving the source aspect and native connection rectangle fixes the shared cause and clears all setup errors; direct anisotropic Q baking remains SVG-only.",
tests/test_symbol_invariants.py::test_signal_ports_stay_on_the_outline_at_any_box_shape[furnace/default],ERROR,passed,removed,svg_quadratic_fixture,yes,"All 492 errors share odd_box_sheets -> fs.to_svg -> _baked. That exception is SVG-only, but the generator discarded the fixed source aspect: native draw.io retained it while portgeom stretched its ports. Desktop 31.4.4 confirms the resulting diagonal approach. Preserving the source aspect and native connection rectangle fixes the shared cause and clears all setup errors; direct anisotropic Q baking remains SVG-only.",
tests/test_symbol_invariants.py::test_signal_ports_stay_on_the_outline_at_any_box_shape[heater/default],ERROR,passed,removed,svg_quadratic_fixture,yes,"All 492 errors share odd_box_sheets -> fs.to_svg -> _baked. That exception is SVG-only, but the generator discarded the fixed source aspect: native draw.io retained it while portgeom stretched its ports. Desktop 31.4.4 confirms the resulting diagonal approach. Preserving the source aspect and native connection rectangle fixes the shared cause and clears all setup errors; direct anisotropic Q baking remains SVG-only.",
tests/test_symbol_invariants.py::test_signal_ports_stay_on_the_outline_at_any_box_shape[hex/air_cooled],ERROR,passed,removed,svg_quadratic_fixture,yes,"All 492 errors share odd_box_sheets -> fs.to_svg -> _baked. That exception is SVG-only, but the generator discarded the fixed source aspect: native draw.io retained it while portgeom stretched its ports. Desktop 31.4.4 confirms the resulting diagonal approach. Preserving the source aspect and native connection rectangle fixes the shared cause and clears all setup errors; direct anisotropic Q baking remains SVG-only.",
tests/test_symbol_invariants.py::test_signal_ports_stay_on_the_outline_at_any_box_shape[hex/condenser],ERROR,passed,removed,svg_quadratic_fixture,yes,"All 492 errors share odd_box_sheets -> fs.to_svg -> _baked. That exception is SVG-only, but the generator discarded the fixed source aspect: native draw.io retained it while portgeom stretched its ports. Desktop 31.4.4 confirms the resulting diagonal approach. Preserving the source aspect and native connection rectangle fixes the shared cause and clears all setup errors; direct anisotropic Q baking remains SVG-only.",
tests/test_symbol_invariants.py::test_signal_ports_stay_on_the_outline_at_any_box_shape[hex/default],ERROR,passed,removed,svg_quadratic_fixture,yes,"All 492 errors share odd_box_sheets -> fs.to_svg -> _baked. That exception is SVG-only, but the generator discarded the fixed source aspect: native draw.io retained it while portgeom stretched its ports. Desktop 31.4.4 confirms the resulting diagonal approach. Preserving the source aspect and native connection rectangle fixes the shared cause and clears all setup errors; direct anisotropic Q baking remains SVG-only.",
tests/test_symbol_invariants.py::test_signal_ports_stay_on_the_outline_at_any_box_shape[hex/double_pipe],ERROR,passed,removed,svg_quadratic_fixture,yes,"All 492 errors share odd_box_sheets -> fs.to_svg -> _baked. That exception is SVG-only, but the generator discarded the fixed source aspect: native draw.io retained it while portgeom stretched its ports. Desktop 31.4.4 confirms the resulting diagonal approach. Preserving the source aspect and native connection rectangle fixes the shared cause and clears all setup errors; direct anisotropic Q baking remains SVG-only.",
tests/test_symbol_invariants.py::test_signal_ports_stay_on_the_outline_at_any_box_shape[hex/finned],ERROR,passed,removed,svg_quadratic_fixture,yes,"All 492 errors share odd_box_sheets -> fs.to_svg -> _baked. That exception is SVG-only, but the generator discarded the fixed source aspect: native draw.io retained it while portgeom stretched its ports. Desktop 31.4.4 confirms the resulting diagonal approach. Preserving the source aspect and native connection rectangle fixes the shared cause and clears all setup errors; direct anisotropic Q baking remains SVG-only.",
tests/test_symbol_invariants.py::test_signal_ports_stay_on_the_outline_at_any_box_shape[hex/hairpin],ERROR,passed,removed,svg_quadratic_fixture,yes,"All 492 errors share odd_box_sheets -> fs.to_svg -> _baked. That exception is SVG-only, but the generator discarded the fixed source aspect: native draw.io retained it while portgeom stretched its ports. Desktop 31.4.4 confirms the resulting diagonal approach. Preserving the source aspect and native connection rectangle fixes the shared cause and clears all setup errors; direct anisotropic Q baking remains SVG-only.",
tests/test_symbol_invariants.py::test_signal_ports_stay_on_the_outline_at_any_box_shape[hex/kettle],ERROR,passed,removed,svg_quadratic_fixture,yes,"All 492 errors share odd_box_sheets -> fs.to_svg -> _baked. That exception is SVG-only, but the generator discarded the fixed source aspect: native draw.io retained it while portgeom stretched its ports. Desktop 31.4.4 confirms the resulting diagonal approach. Preserving the source aspect and native connection rectangle fixes the shared cause and clears all setup errors; direct anisotropic Q baking remains SVG-only.",
tests/test_symbol_invariants.py::test_signal_ports_stay_on_the_outline_at_any_box_shape[hex/plate],ERROR,passed,removed,svg_quadratic_fixture,yes,"All 492 errors share odd_box_sheets -> fs.to_svg -> _baked. That exception is SVG-only, but the generator discarded the fixed source aspect: native draw.io retained it while portgeom stretched its ports. Desktop 31.4.4 confirms the resulting diagonal approach. Preserving the source aspect and native connection rectangle fixes the shared cause and clears all setup errors; direct anisotropic Q baking remains SVG-only.",
tests/test_symbol_invariants.py::test_signal_ports_stay_on_the_outline_at_any_box_shape[hex/shell_tube],ERROR,passed,removed,svg_quadratic_fixture,yes,"All 492 errors share odd_box_sheets -> fs.to_svg -> _baked. That exception is SVG-only, but the generator discarded the fixed source aspect: native draw.io retained it while portgeom stretched its ports. Desktop 31.4.4 confirms the resulting diagonal approach. Preserving the source aspect and native connection rectangle fixes the shared cause and clears all setup errors; direct anisotropic Q baking remains SVG-only.",
tests/test_symbol_invariants.py::test_signal_ports_stay_on_the_outline_at_any_box_shape[hex/spiral],ERROR,passed,removed,svg_quadratic_fixture,yes,"All 492 errors share odd_box_sheets -> fs.to_svg -> _baked. That exception is SVG-only, but the generator discarded the fixed source aspect: native draw.io retained it while portgeom stretched its ports. Desktop 31.4.4 confirms the resulting diagonal approach. Preserving the source aspect and native connection rectangle fixes the shared cause and clears all setup errors; direct anisotropic Q baking remains SVG-only.",
tests/test_symbol_invariants.py::test_signal_ports_stay_on_the_outline_at_any_box_shape[hex/straight_tubes],ERROR,passed,removed,svg_quadratic_fixture,yes,"All 492 errors share odd_box_sheets -> fs.to_svg -> _baked. That exception is SVG-only, but the generator discarded the fixed source aspect: native draw.io retained it while portgeom stretched its ports. Desktop 31.4.4 confirms the resulting diagonal approach. Preserving the source aspect and native connection rectangle fixes the shared cause and clears all setup errors; direct anisotropic Q baking remains SVG-only.",
tests/test_symbol_invariants.py::test_signal_ports_stay_on_the_outline_at_any_box_shape[hex/thin_film],ERROR,passed,removed,svg_quadratic_fixture,yes,"All 492 errors share odd_box_sheets -> fs.to_svg -> _baked. That exception is SVG-only, but the generator discarded the fixed source aspect: native draw.io retained it while portgeom stretched its ports. Desktop 31.4.4 confirms the resulting diagonal approach. Preserving the source aspect and native connection rectangle fixes the shared cause and clears all setup errors; direct anisotropic Q baking remains SVG-only.",
tests/test_symbol_invariants.py::test_signal_ports_stay_on_the_outline_at_any_box_shape[hex/u_tube],ERROR,passed,removed,svg_quadratic_fixture,yes,"All 492 errors share odd_box_sheets -> fs.to_svg -> _baked. That exception is SVG-only, but the generator discarded the fixed source aspect: native draw.io retained it while portgeom stretched its ports. Desktop 31.4.4 confirms the resulting diagonal approach. Preserving the source aspect and native connection rectangle fixes the shared cause and clears all setup errors; direct anisotropic Q baking remains SVG-only.",
tests/test_symbol_invariants.py::test_signal_ports_stay_on_the_outline_at_any_box_shape[instrument/aux],ERROR,passed,removed,svg_quadratic_fixture,yes,"All 492 errors share odd_box_sheets -> fs.to_svg -> _baked. That exception is SVG-only, but the generator discarded the fixed source aspect: native draw.io retained it while portgeom stretched its ports. Desktop 31.4.4 confirms the resulting diagonal approach. Preserving the source aspect and native connection rectangle fixes the shared cause and clears all setup errors; direct anisotropic Q baking remains SVG-only.",
tests/test_symbol_invariants.py::test_signal_ports_stay_on_the_outline_at_any_box_shape[instrument/computer],ERROR,passed,removed,svg_quadratic_fixture,yes,"All 492 errors share odd_box_sheets -> fs.to_svg -> _baked. That exception is SVG-only, but the generator discarded the fixed source aspect: native draw.io retained it while portgeom stretched its ports. Desktop 31.4.4 confirms the resulting diagonal approach. Preserving the source aspect and native connection rectangle fixes the shared cause and clears all setup errors; direct anisotropic Q baking remains SVG-only.",
tests/test_symbol_invariants.py::test_signal_ports_stay_on_the_outline_at_any_box_shape[instrument/default],ERROR,passed,removed,svg_quadratic_fixture,yes,"All 492 errors share odd_box_sheets -> fs.to_svg -> _baked. That exception is SVG-only, but the generator discarded the fixed source aspect: native draw.io retained it while portgeom stretched its ports. Desktop 31.4.4 confirms the resulting diagonal approach. Preserving the source aspect and native connection rectangle fixes the shared cause and clears all setup errors; direct anisotropic Q baking remains SVG-only.",
tests/test_symbol_invariants.py::test_signal_ports_stay_on_the_outline_at_any_box_shape[instrument/interlock],ERROR,passed,removed,svg_quadratic_fixture,yes,"All 492 errors share odd_box_sheets -> fs.to_svg -> _baked. That exception is SVG-only, but the generator discarded the fixed source aspect: native draw.io retained it while portgeom stretched its ports. Desktop 31.4.4 confirms the resulting diagonal approach. Preserving the source aspect and native connection rectangle fixes the shared cause and clears all setup errors; direct anisotropic Q baking remains SVG-only.",
tests/test_symbol_invariants.py::test_signal_ports_stay_on_the_outline_at_any_box_shape[instrument/logic],ERROR,passed,removed,svg_quadratic_fixture,yes,"All 492 errors share odd_box_sheets -> fs.to_svg -> _baked. That exception is SVG-only, but the generator discarded the fixed source aspect: native draw.io retained it while portgeom stretched its ports. Desktop 31.4.4 confirms the resulting diagonal approach. Preserving the source aspect and native connection rectangle fixes the shared cause and clears all setup errors; direct anisotropic Q baking remains SVG-only.",
tests/test_symbol_invariants.py::test_signal_ports_stay_on_the_outline_at_any_box_shape[instrument/panel],ERROR,passed,removed,svg_quadratic_fixture,yes,"All 492 errors share odd_box_sheets -> fs.to_svg -> _baked. That exception is SVG-only, but the generator discarded the fixed source aspect: native draw.io retained it while portgeom stretched its ports. Desktop 31.4.4 confirms the resulting diagonal approach. Preserving the source aspect and native connection rectangle fixes the shared cause and clears all setup errors; direct anisotropic Q baking remains SVG-only.",
tests/test_symbol_invariants.py::test_signal_ports_stay_on_the_outline_at_any_box_shape[instrument/shared],ERROR,passed,removed,svg_quadratic_fixture,yes,"All 492 errors share odd_box_sheets -> fs.to_svg -> _baked. That exception is SVG-only, but the generator discarded the fixed source aspect: native draw.io retained it while portgeom stretched its ports. Desktop 31.4.4 confirms the resulting diagonal approach. Preserving the source aspect and native connection rectangle fixes the shared cause and clears all setup errors; direct anisotropic Q baking remains SVG-only.",
tests/test_symbol_invariants.py::test_signal_ports_stay_on_the_outline_at_any_box_shape[instrument/sis],ERROR,passed,removed,svg_quadratic_fixture,yes,"All 492 errors share odd_box_sheets -> fs.to_svg -> _baked. That exception is SVG-only, but the generator discarded the fixed source aspect: native draw.io retained it while portgeom stretched its ports. Desktop 31.4.4 confirms the resulting diagonal approach. Preserving the source aspect and native connection rectangle fixes the shared cause and clears all setup errors; direct anisotropic Q baking remains SVG-only.",
tests/test_symbol_invariants.py::test_signal_ports_stay_on_the_outline_at_any_box_shape[junction/default],ERROR,passed,removed,svg_quadratic_fixture,yes,"All 492 errors share odd_box_sheets -> fs.to_svg -> _baked. That exception is SVG-only, but the generator discarded the fixed source aspect: native draw.io retained it while portgeom stretched its ports. Desktop 31.4.4 confirms the resulting diagonal approach. Preserving the source aspect and native connection rectangle fixes the shared cause and clears all setup errors; direct anisotropic Q baking remains SVG-only.",
tests/test_symbol_invariants.py::test_signal_ports_stay_on_the_outline_at_any_box_shape[kiln/default],ERROR,passed,removed,svg_quadratic_fixture,yes,"All 492 errors share odd_box_sheets -> fs.to_svg -> _baked. That exception is SVG-only, but the generator discarded the fixed source aspect: native draw.io retained it while portgeom stretched its ports. Desktop 31.4.4 confirms the resulting diagonal approach. Preserving the source aspect and native connection rectangle fixes the shared cause and clears all setup errors; direct anisotropic Q baking remains SVG-only.",
tests/test_symbol_invariants.py::test_signal_ports_stay_on_the_outline_at_any_box_shape[kiln/fluidized_bed],ERROR,passed,removed,svg_quadratic_fixture,yes,"All 492 errors share odd_box_sheets -> fs.to_svg -> _baked. That exception is SVG-only, but the generator discarded the fixed source aspect: native draw.io retained it while portgeom stretched its ports. Desktop 31.4.4 confirms the resulting diagonal approach. Preserving the source aspect and native connection rectangle fixes the shared cause and clears all setup errors; direct anisotropic Q baking remains SVG-only.",
tests/test_symbol_invariants.py::test_signal_ports_stay_on_the_outline_at_any_box_shape[kiln/shaft],ERROR,passed,removed,svg_quadratic_fixture,yes,"All 492 errors share odd_box_sheets -> fs.to_svg -> _baked. That exception is SVG-only, but the generator discarded the fixed source aspect: native draw.io retained it while portgeom stretched its ports. Desktop 31.4.4 confirms the resulting diagonal approach. Preserving the source aspect and native connection rectangle fixes the shared cause and clears all setup errors; direct anisotropic Q baking remains SVG-only.",
tests/test_symbol_invariants.py::test_signal_ports_stay_on_the_outline_at_any_box_shape[kneader/default],ERROR,passed,removed,svg_quadratic_fixture,yes,"All 492 errors share odd_box_sheets -> fs.to_svg -> _baked. That exception is SVG-only, but the generator discarded the fixed source aspect: native draw.io retained it while portgeom stretched its ports. Desktop 31.4.4 confirms the resulting diagonal approach. Preserving the source aspect and native connection rectangle fixes the shared cause and clears all setup errors; direct anisotropic Q baking remains SVG-only.",
tests/test_symbol_invariants.py::test_signal_ports_stay_on_the_outline_at_any_box_shape[liquid_screen/coarse_rake],ERROR,passed,removed,svg_quadratic_fixture,yes,"All 492 errors share odd_box_sheets -> fs.to_svg -> _baked. That exception is SVG-only, but the generator discarded the fixed source aspect: native draw.io retained it while portgeom stretched its ports. Desktop 31.4.4 confirms the resulting diagonal approach. Preserving the source aspect and native connection rectangle fixes the shared cause and clears all setup errors; direct anisotropic Q baking remains SVG-only.",
tests/test_symbol_invariants.py::test_signal_ports_stay_on_the_outline_at_any_box_shape[liquid_screen/default],ERROR,passed,removed,svg_quadratic_fixture,yes,"All 492 errors share odd_box_sheets -> fs.to_svg -> _baked. That exception is SVG-only, but the generator discarded the fixed source aspect: native draw.io retained it while portgeom stretched its ports. Desktop 31.4.4 confirms the resulting diagonal approach. Preserving the source aspect and native connection rectangle fixes the shared cause and clears all setup errors; direct anisotropic Q baking remains SVG-only.",
tests/test_symbol_invariants.py::test_signal_ports_stay_on_the_outline_at_any_box_shape[liquid_screen/fine_rake],ERROR,passed,removed,svg_quadratic_fixture,yes,"All 492 errors share odd_box_sheets -> fs.to_svg -> _baked. That exception is SVG-only, but the generator discarded the fixed source aspect: native draw.io retained it while portgeom stretched its ports. Desktop 31.4.4 confirms the resulting diagonal approach. Preserving the source aspect and native connection rectangle fixes the shared cause and clears all setup errors; direct anisotropic Q baking remains SVG-only.",
tests/test_symbol_invariants.py::test_signal_ports_stay_on_the_outline_at_any_box_shape[membrane_cage/default],ERROR,passed,removed,svg_quadratic_fixture,yes,"All 492 errors share odd_box_sheets -> fs.to_svg -> _baked. That exception is SVG-only, but the generator discarded the fixed source aspect: native draw.io retained it while portgeom stretched its ports. Desktop 31.4.4 confirms the resulting diagonal approach. Preserving the source aspect and native connection rectangle fixes the shared cause and clears all setup errors; direct anisotropic Q baking remains SVG-only.",
tests/test_symbol_invariants.py::test_signal_ports_stay_on_the_outline_at_any_box_shape[mill/default],ERROR,passed,removed,svg_quadratic_fixture,yes,"All 492 errors share odd_box_sheets -> fs.to_svg -> _baked. That exception is SVG-only, but the generator discarded the fixed source aspect: native draw.io retained it while portgeom stretched its ports. Desktop 31.4.4 confirms the resulting diagonal approach. Preserving the source aspect and native connection rectangle fixes the shared cause and clears all setup errors; direct anisotropic Q baking remains SVG-only.",
tests/test_symbol_invariants.py::test_signal_ports_stay_on_the_outline_at_any_box_shape[mill/hammer],ERROR,passed,removed,svg_quadratic_fixture,yes,"All 492 errors share odd_box_sheets -> fs.to_svg -> _baked. That exception is SVG-only, but the generator discarded the fixed source aspect: native draw.io retained it while portgeom stretched its ports. Desktop 31.4.4 confirms the resulting diagonal approach. Preserving the source aspect and native connection rectangle fixes the shared cause and clears all setup errors; direct anisotropic Q baking remains SVG-only.",
tests/test_symbol_invariants.py::test_signal_ports_stay_on_the_outline_at_any_box_shape[mill/impact],ERROR,passed,removed,svg_quadratic_fixture,yes,"All 492 errors share odd_box_sheets -> fs.to_svg -> _baked. That exception is SVG-only, but the generator discarded the fixed source aspect: native draw.io retained it while portgeom stretched its ports. Desktop 31.4.4 confirms the resulting diagonal approach. Preserving the source aspect and native connection rectangle fixes the shared cause and clears all setup errors; direct anisotropic Q baking remains SVG-only.",
tests/test_symbol_invariants.py::test_signal_ports_stay_on_the_outline_at_any_box_shape[mill/roller],ERROR,passed,removed,svg_quadratic_fixture,yes,"All 492 errors share odd_box_sheets -> fs.to_svg -> _baked. That exception is SVG-only, but the generator discarded the fixed source aspect: native draw.io retained it while portgeom stretched its ports. Desktop 31.4.4 confirms the resulting diagonal approach. Preserving the source aspect and native connection rectangle fixes the shared cause and clears all setup errors; direct anisotropic Q baking remains SVG-only.",
tests/test_symbol_invariants.py::test_signal_ports_stay_on_the_outline_at_any_box_shape[mill/vibration],ERROR,passed,removed,svg_quadratic_fixture,yes,"All 492 errors share odd_box_sheets -> fs.to_svg -> _baked. That exception is SVG-only, but the generator discarded the fixed source aspect: native draw.io retained it while portgeom stretched its ports. Desktop 31.4.4 confirms the resulting diagonal approach. Preserving the source aspect and native connection rectangle fixes the shared cause and clears all setup errors; direct anisotropic Q baking remains SVG-only.",
tests/test_symbol_invariants.py::test_signal_ports_stay_on_the_outline_at_any_box_shape[mixer/default],ERROR,passed,removed,svg_quadratic_fixture,yes,"All 492 errors share odd_box_sheets -> fs.to_svg -> _baked. That exception is SVG-only, but the generator discarded the fixed source aspect: native draw.io retained it while portgeom stretched its ports. Desktop 31.4.4 confirms the resulting diagonal approach. Preserving the source aspect and native connection rectangle fixes the shared cause and clears all setup errors; direct anisotropic Q baking remains SVG-only.",
tests/test_symbol_invariants.py::test_signal_ports_stay_on_the_outline_at_any_box_shape[product/default],ERROR,skipped,removed,svg_quadratic_fixture,yes,"All 492 errors share odd_box_sheets -> fs.to_svg -> _baked. That exception is SVG-only, but the generator discarded the fixed source aspect: native draw.io retained it while portgeom stretched its ports. Desktop 31.4.4 confirms the resulting diagonal approach. Preserving the source aspect and native connection rectangle fixes the shared cause and clears all setup errors; direct anisotropic Q baking remains SVG-only.",Setup error cleared; the existing test applies its unchanged kind/port skip rule.
tests/test_symbol_invariants.py::test_signal_ports_stay_on_the_outline_at_any_box_shape[pump/default],ERROR,passed,removed,svg_quadratic_fixture,yes,"All 492 errors share odd_box_sheets -> fs.to_svg -> _baked. That exception is SVG-only, but the generator discarded the fixed source aspect: native draw.io retained it while portgeom stretched its ports. Desktop 31.4.4 confirms the resulting diagonal approach. Preserving the source aspect and native connection rectangle fixes the shared cause and clears all setup errors; direct anisotropic Q baking remains SVG-only.",
tests/test_symbol_invariants.py::test_signal_ports_stay_on_the_outline_at_any_box_shape[pump/gear],ERROR,passed,removed,svg_quadratic_fixture,yes,"All 492 errors share odd_box_sheets -> fs.to_svg -> _baked. That exception is SVG-only, but the generator discarded the fixed source aspect: native draw.io retained it while portgeom stretched its ports. Desktop 31.4.4 confirms the resulting diagonal approach. Preserving the source aspect and native connection rectangle fixes the shared cause and clears all setup errors; direct anisotropic Q baking remains SVG-only.",
tests/test_symbol_invariants.py::test_signal_ports_stay_on_the_outline_at_any_box_shape[pump/peristaltic],ERROR,passed,removed,svg_quadratic_fixture,yes,"All 492 errors share odd_box_sheets -> fs.to_svg -> _baked. That exception is SVG-only, but the generator discarded the fixed source aspect: native draw.io retained it while portgeom stretched its ports. Desktop 31.4.4 confirms the resulting diagonal approach. Preserving the source aspect and native connection rectangle fixes the shared cause and clears all setup errors; direct anisotropic Q baking remains SVG-only.",
tests/test_symbol_invariants.py::test_signal_ports_stay_on_the_outline_at_any_box_shape[pump/rotary_lobe],ERROR,passed,removed,svg_quadratic_fixture,yes,"All 492 errors share odd_box_sheets -> fs.to_svg -> _baked. That exception is SVG-only, but the generator discarded the fixed source aspect: native draw.io retained it while portgeom stretched its ports. Desktop 31.4.4 confirms the resulting diagonal approach. Preserving the source aspect and native connection rectangle fixes the shared cause and clears all setup errors; direct anisotropic Q baking remains SVG-only.",
tests/test_symbol_invariants.py::test_signal_ports_stay_on_the_outline_at_any_box_shape[pump/screw],ERROR,passed,removed,svg_quadratic_fixture,yes,"All 492 errors share odd_box_sheets -> fs.to_svg -> _baked. That exception is SVG-only, but the generator discarded the fixed source aspect: native draw.io retained it while portgeom stretched its ports. Desktop 31.4.4 confirms the resulting diagonal approach. Preserving the source aspect and native connection rectangle fixes the shared cause and clears all setup errors; direct anisotropic Q baking remains SVG-only.",
tests/test_symbol_invariants.py::test_signal_ports_stay_on_the_outline_at_any_box_shape[pump/submersible],ERROR,passed,removed,svg_quadratic_fixture,yes,"All 492 errors share odd_box_sheets -> fs.to_svg -> _baked. That exception is SVG-only, but the generator discarded the fixed source aspect: native draw.io retained it while portgeom stretched its ports. Desktop 31.4.4 confirms the resulting diagonal approach. Preserving the source aspect and native connection rectangle fixes the shared cause and clears all setup errors; direct anisotropic Q baking remains SVG-only.",
tests/test_symbol_invariants.py::test_signal_ports_stay_on_the_outline_at_any_box_shape[pump/vacuum],ERROR,passed,removed,svg_quadratic_fixture,yes,"All 492 errors share odd_box_sheets -> fs.to_svg -> _baked. That exception is SVG-only, but the generator discarded the fixed source aspect: native draw.io retained it while portgeom stretched its ports. Desktop 31.4.4 confirms the resulting diagonal approach. Preserving the source aspect and native connection rectangle fixes the shared cause and clears all setup errors; direct anisotropic Q baking remains SVG-only.",
tests/test_symbol_invariants.py::test_signal_ports_stay_on_the_outline_at_any_box_shape[reactor/default],ERROR,passed,removed,svg_quadratic_fixture,yes,"All 492 errors share odd_box_sheets -> fs.to_svg -> _baked. That exception is SVG-only, but the generator discarded the fixed source aspect: native draw.io retained it while portgeom stretched its ports. Desktop 31.4.4 confirms the resulting diagonal approach. Preserving the source aspect and native connection rectangle fixes the shared cause and clears all setup errors; direct anisotropic Q baking remains SVG-only.",
tests/test_symbol_invariants.py::test_signal_ports_stay_on_the_outline_at_any_box_shape[reactor/jacketed],ERROR,passed,removed,svg_quadratic_fixture,yes,"All 492 errors share odd_box_sheets -> fs.to_svg -> _baked. That exception is SVG-only, but the generator discarded the fixed source aspect: native draw.io retained it while portgeom stretched its ports. Desktop 31.4.4 confirms the resulting diagonal approach. Preserving the source aspect and native connection rectangle fixes the shared cause and clears all setup errors; direct anisotropic Q baking remains SVG-only.",
tests/test_symbol_invariants.py::test_signal_ports_stay_on_the_outline_at_any_box_shape[reactor/mixing],ERROR,passed,removed,svg_quadratic_fixture,yes,"All 492 errors share odd_box_sheets -> fs.to_svg -> _baked. That exception is SVG-only, but the generator discarded the fixed source aspect: native draw.io retained it while portgeom stretched its ports. Desktop 31.4.4 confirms the resulting diagonal approach. Preserving the source aspect and native connection rectangle fixes the shared cause and clears all setup errors; direct anisotropic Q baking remains SVG-only.",
tests/test_symbol_invariants.py::test_signal_ports_stay_on_the_outline_at_any_box_shape[reactor/plain],ERROR,passed,removed,svg_quadratic_fixture,yes,"All 492 errors share odd_box_sheets -> fs.to_svg -> _baked. That exception is SVG-only, but the generator discarded the fixed source aspect: native draw.io retained it while portgeom stretched its ports. Desktop 31.4.4 confirms the resulting diagonal approach. Preserving the source aspect and native connection rectangle fixes the shared cause and clears all setup errors; direct anisotropic Q baking remains SVG-only.",
tests/test_symbol_invariants.py::test_signal_ports_stay_on_the_outline_at_any_box_shape[reactor/tubular],ERROR,passed,removed,svg_quadratic_fixture,yes,"All 492 errors share odd_box_sheets -> fs.to_svg -> _baked. That exception is SVG-only, but the generator discarded the fixed source aspect: native draw.io retained it while portgeom stretched its ports. Desktop 31.4.4 confirms the resulting diagonal approach. Preserving the source aspect and native connection rectangle fixes the shared cause and clears all setup errors; direct anisotropic Q baking remains SVG-only.",
tests/test_symbol_invariants.py::test_signal_ports_stay_on_the_outline_at_any_box_shape[reducer/concentric],ERROR,passed,removed,svg_quadratic_fixture,yes,"All 492 errors share odd_box_sheets -> fs.to_svg -> _baked. That exception is SVG-only, but the generator discarded the fixed source aspect: native draw.io retained it while portgeom stretched its ports. Desktop 31.4.4 confirms the resulting diagonal approach. Preserving the source aspect and native connection rectangle fixes the shared cause and clears all setup errors; direct anisotropic Q baking remains SVG-only.",
tests/test_symbol_invariants.py::test_signal_ports_stay_on_the_outline_at_any_box_shape[reducer/default],ERROR,passed,removed,svg_quadratic_fixture,yes,"All 492 errors share odd_box_sheets -> fs.to_svg -> _baked. That exception is SVG-only, but the generator discarded the fixed source aspect: native draw.io retained it while portgeom stretched its ports. Desktop 31.4.4 confirms the resulting diagonal approach. Preserving the source aspect and native connection rectangle fixes the shared cause and clears all setup errors; direct anisotropic Q baking remains SVG-only.",
tests/test_symbol_invariants.py::test_signal_ports_stay_on_the_outline_at_any_box_shape[reducer/eccentric],ERROR,passed,removed,svg_quadratic_fixture,yes,"All 492 errors share odd_box_sheets -> fs.to_svg -> _baked. That exception is SVG-only, but the generator discarded the fixed source aspect: native draw.io retained it while portgeom stretched its ports. Desktop 31.4.4 confirms the resulting diagonal approach. Preserving the source aspect and native connection rectangle fixes the shared cause and clears all setup errors; direct anisotropic Q baking remains SVG-only.",
tests/test_symbol_invariants.py::test_signal_ports_stay_on_the_outline_at_any_box_shape[screening_device/basket_reel],ERROR,passed,removed,svg_quadratic_fixture,yes,"All 492 errors share odd_box_sheets -> fs.to_svg -> _baked. That exception is SVG-only, but the generator discarded the fixed source aspect: native draw.io retained it while portgeom stretched its ports. Desktop 31.4.4 confirms the resulting diagonal approach. Preserving the source aspect and native connection rectangle fixes the shared cause and clears all setup errors; direct anisotropic Q baking remains SVG-only.",
tests/test_symbol_invariants.py::test_signal_ports_stay_on_the_outline_at_any_box_shape[screening_device/coarse_and_fine],ERROR,passed,removed,svg_quadratic_fixture,yes,"All 492 errors share odd_box_sheets -> fs.to_svg -> _baked. That exception is SVG-only, but the generator discarded the fixed source aspect: native draw.io retained it while portgeom stretched its ports. Desktop 31.4.4 confirms the resulting diagonal approach. Preserving the source aspect and native connection rectangle fixes the shared cause and clears all setup errors; direct anisotropic Q baking remains SVG-only.",
tests/test_symbol_invariants.py::test_signal_ports_stay_on_the_outline_at_any_box_shape[screening_device/coarse_rake],ERROR,passed,removed,svg_quadratic_fixture,yes,"All 492 errors share odd_box_sheets -> fs.to_svg -> _baked. That exception is SVG-only, but the generator discarded the fixed source aspect: native draw.io retained it while portgeom stretched its ports. Desktop 31.4.4 confirms the resulting diagonal approach. Preserving the source aspect and native connection rectangle fixes the shared cause and clears all setup errors; direct anisotropic Q baking remains SVG-only.",
tests/test_symbol_invariants.py::test_signal_ports_stay_on_the_outline_at_any_box_shape[screening_device/fine_rake],ERROR,passed,removed,svg_quadratic_fixture,yes,"All 492 errors share odd_box_sheets -> fs.to_svg -> _baked. That exception is SVG-only, but the generator discarded the fixed source aspect: native draw.io retained it while portgeom stretched its ports. Desktop 31.4.4 confirms the resulting diagonal approach. Preserving the source aspect and native connection rectangle fixes the shared cause and clears all setup errors; direct anisotropic Q baking remains SVG-only.",
tests/test_symbol_invariants.py::test_signal_ports_stay_on_the_outline_at_any_box_shape[screening_device/general],ERROR,passed,removed,svg_quadratic_fixture,yes,"All 492 errors share odd_box_sheets -> fs.to_svg -> _baked. That exception is SVG-only, but the generator discarded the fixed source aspect: native draw.io retained it while portgeom stretched its ports. Desktop 31.4.4 confirms the resulting diagonal approach. Preserving the source aspect and native connection rectangle fixes the shared cause and clears all setup errors; direct anisotropic Q baking remains SVG-only.",
tests/test_symbol_invariants.py::test_signal_ports_stay_on_the_outline_at_any_box_shape[screening_device/rotating_drum],ERROR,passed,removed,svg_quadratic_fixture,yes,"All 492 errors share odd_box_sheets -> fs.to_svg -> _baked. That exception is SVG-only, but the generator discarded the fixed source aspect: native draw.io retained it while portgeom stretched its ports. Desktop 31.4.4 confirms the resulting diagonal approach. Preserving the source aspect and native connection rectangle fixes the shared cause and clears all setup errors; direct anisotropic Q baking remains SVG-only.",
tests/test_symbol_invariants.py::test_signal_ports_stay_on_the_outline_at_any_box_shape[screening_device/vibrating],ERROR,passed,removed,svg_quadratic_fixture,yes,"All 492 errors share odd_box_sheets -> fs.to_svg -> _baked. That exception is SVG-only, but the generator discarded the fixed source aspect: native draw.io retained it while portgeom stretched its ports. Desktop 31.4.4 confirms the resulting diagonal approach. Preserving the source aspect and native connection rectangle fixes the shared cause and clears all setup errors; direct anisotropic Q baking remains SVG-only.",
tests/test_symbol_invariants.py::test_signal_ports_stay_on_the_outline_at_any_box_shape[separator/cyclone],ERROR,passed,removed,svg_quadratic_fixture,yes,"All 492 errors share odd_box_sheets -> fs.to_svg -> _baked. That exception is SVG-only, but the generator discarded the fixed source aspect: native draw.io retained it while portgeom stretched its ports. Desktop 31.4.4 confirms the resulting diagonal approach. Preserving the source aspect and native connection rectangle fixes the shared cause and clears all setup errors; direct anisotropic Q baking remains SVG-only.",
tests/test_symbol_invariants.py::test_signal_ports_stay_on_the_outline_at_any_box_shape[separator/default],ERROR,passed,removed,svg_quadratic_fixture,yes,"All 492 errors share odd_box_sheets -> fs.to_svg -> _baked. That exception is SVG-only, but the generator discarded the fixed source aspect: native draw.io retained it while portgeom stretched its ports. Desktop 31.4.4 confirms the resulting diagonal approach. Preserving the source aspect and native connection rectangle fixes the shared cause and clears all setup errors; direct anisotropic Q baking remains SVG-only.",
tests/test_symbol_invariants.py::test_signal_ports_stay_on_the_outline_at_any_box_shape[separator/electromagnetic],ERROR,passed,removed,svg_quadratic_fixture,yes,"All 492 errors share odd_box_sheets -> fs.to_svg -> _baked. That exception is SVG-only, but the generator discarded the fixed source aspect: native draw.io retained it while portgeom stretched its ports. Desktop 31.4.4 confirms the resulting diagonal approach. Preserving the source aspect and native connection rectangle fixes the shared cause and clears all setup errors; direct anisotropic Q baking remains SVG-only.",
tests/test_symbol_invariants.py::test_signal_ports_stay_on_the_outline_at_any_box_shape[separator/electrostatic],ERROR,passed,removed,svg_quadratic_fixture,yes,"All 492 errors share odd_box_sheets -> fs.to_svg -> _baked. That exception is SVG-only, but the generator discarded the fixed source aspect: native draw.io retained it while portgeom stretched its ports. Desktop 31.4.4 confirms the resulting diagonal approach. Preserving the source aspect and native connection rectangle fixes the shared cause and clears all setup errors; direct anisotropic Q baking remains SVG-only.",
tests/test_symbol_invariants.py::test_signal_ports_stay_on_the_outline_at_any_box_shape[separator/gravity],ERROR,passed,removed,svg_quadratic_fixture,yes,"All 492 errors share odd_box_sheets -> fs.to_svg -> _baked. That exception is SVG-only, but the generator discarded the fixed source aspect: native draw.io retained it while portgeom stretched its ports. Desktop 31.4.4 confirms the resulting diagonal approach. Preserving the source aspect and native connection rectangle fixes the shared cause and clears all setup errors; direct anisotropic Q baking remains SVG-only.",
tests/test_symbol_invariants.py::test_signal_ports_stay_on_the_outline_at_any_box_shape[separator/horizontal],ERROR,passed,removed,svg_quadratic_fixture,yes,"All 492 errors share odd_box_sheets -> fs.to_svg -> _baked. That exception is SVG-only, but the generator discarded the fixed source aspect: native draw.io retained it while portgeom stretched its ports. Desktop 31.4.4 confirms the resulting diagonal approach. Preserving the source aspect and native connection rectangle fixes the shared cause and clears all setup errors; direct anisotropic Q baking remains SVG-only.",
tests/test_symbol_invariants.py::test_signal_ports_stay_on_the_outline_at_any_box_shape[separator/impact],ERROR,passed,removed,svg_quadratic_fixture,yes,"All 492 errors share odd_box_sheets -> fs.to_svg -> _baked. That exception is SVG-only, but the generator discarded the fixed source aspect: native draw.io retained it while portgeom stretched its ports. Desktop 31.4.4 confirms the resulting diagonal approach. Preserving the source aspect and native connection rectangle fixes the shared cause and clears all setup errors; direct anisotropic Q baking remains SVG-only.",
tests/test_symbol_invariants.py::test_signal_ports_stay_on_the_outline_at_any_box_shape[separator/knockout],ERROR,passed,removed,svg_quadratic_fixture,yes,"All 492 errors share odd_box_sheets -> fs.to_svg -> _baked. That exception is SVG-only, but the generator discarded the fixed source aspect: native draw.io retained it while portgeom stretched its ports. Desktop 31.4.4 confirms the resulting diagonal approach. Preserving the source aspect and native connection rectangle fixes the shared cause and clears all setup errors; direct anisotropic Q baking remains SVG-only.",
tests/test_symbol_invariants.py::test_signal_ports_stay_on_the_outline_at_any_box_shape[separator/permanent_magnet],ERROR,passed,removed,svg_quadratic_fixture,yes,"All 492 errors share odd_box_sheets -> fs.to_svg -> _baked. That exception is SVG-only, but the generator discarded the fixed source aspect: native draw.io retained it while portgeom stretched its ports. Desktop 31.4.4 confirms the resulting diagonal approach. Preserving the source aspect and native connection rectangle fixes the shared cause and clears all setup errors; direct anisotropic Q baking remains SVG-only.",
tests/test_symbol_invariants.py::test_signal_ports_stay_on_the_outline_at_any_box_shape[separator/scrubber],ERROR,passed,removed,svg_quadratic_fixture,yes,"All 492 errors share odd_box_sheets -> fs.to_svg -> _baked. That exception is SVG-only, but the generator discarded the fixed source aspect: native draw.io retained it while portgeom stretched its ports. Desktop 31.4.4 confirms the resulting diagonal approach. Preserving the source aspect and native connection rectangle fixes the shared cause and clears all setup errors; direct anisotropic Q baking remains SVG-only.",
tests/test_symbol_invariants.py::test_signal_ports_stay_on_the_outline_at_any_box_shape[separator/sifter],ERROR,passed,removed,svg_quadratic_fixture,yes,"All 492 errors share odd_box_sheets -> fs.to_svg -> _baked. That exception is SVG-only, but the generator discarded the fixed source aspect: native draw.io retained it while portgeom stretched its ports. Desktop 31.4.4 confirms the resulting diagonal approach. Preserving the source aspect and native connection rectangle fixes the shared cause and clears all setup errors; direct anisotropic Q baking remains SVG-only.",
tests/test_symbol_invariants.py::test_signal_ports_stay_on_the_outline_at_any_box_shape[separator/venturi_scrubber],ERROR,passed,removed,svg_quadratic_fixture,yes,"All 492 errors share odd_box_sheets -> fs.to_svg -> _baked. That exception is SVG-only, but the generator discarded the fixed source aspect: native draw.io retained it while portgeom stretched its ports. Desktop 31.4.4 confirms the resulting diagonal approach. Preserving the source aspect and native connection rectangle fixes the shared cause and clears all setup errors; direct anisotropic Q baking remains SVG-only.",
tests/test_symbol_invariants.py::test_signal_ports_stay_on_the_outline_at_any_box_shape[splitter/default],ERROR,passed,removed,svg_quadratic_fixture,yes,"All 492 errors share odd_box_sheets -> fs.to_svg -> _baked. That exception is SVG-only, but the generator discarded the fixed source aspect: native draw.io retained it while portgeom stretched its ports. Desktop 31.4.4 confirms the resulting diagonal approach. Preserving the source aspect and native connection rectangle fixes the shared cause and clears all setup errors; direct anisotropic Q baking remains SVG-only.",
tests/test_symbol_invariants.py::test_signal_ports_stay_on_the_outline_at_any_box_shape[spray_nozzle/default],ERROR,passed,removed,svg_quadratic_fixture,yes,"All 492 errors share odd_box_sheets -> fs.to_svg -> _baked. That exception is SVG-only, but the generator discarded the fixed source aspect: native draw.io retained it while portgeom stretched its ports. Desktop 31.4.4 confirms the resulting diagonal approach. Preserving the source aspect and native connection rectangle fixes the shared cause and clears all setup errors; direct anisotropic Q baking remains SVG-only.",
tests/test_symbol_invariants.py::test_signal_ports_stay_on_the_outline_at_any_box_shape[stack/default],ERROR,passed,removed,svg_quadratic_fixture,yes,"All 492 errors share odd_box_sheets -> fs.to_svg -> _baked. That exception is SVG-only, but the generator discarded the fixed source aspect: native draw.io retained it while portgeom stretched its ports. Desktop 31.4.4 confirms the resulting diagonal approach. Preserving the source aspect and native connection rectangle fixes the shared cause and clears all setup errors; direct anisotropic Q baking remains SVG-only.",
tests/test_symbol_invariants.py::test_signal_ports_stay_on_the_outline_at_any_box_shape[submersible_mixer/default],ERROR,passed,removed,svg_quadratic_fixture,yes,"All 492 errors share odd_box_sheets -> fs.to_svg -> _baked. That exception is SVG-only, but the generator discarded the fixed source aspect: native draw.io retained it while portgeom stretched its ports. Desktop 31.4.4 confirms the resulting diagonal approach. Preserving the source aspect and native connection rectangle fixes the shared cause and clears all setup errors; direct anisotropic Q baking remains SVG-only.",
tests/test_symbol_invariants.py::test_signal_ports_stay_on_the_outline_at_any_box_shape[tank/concrete],ERROR,passed,removed,svg_quadratic_fixture,yes,"All 492 errors share odd_box_sheets -> fs.to_svg -> _baked. That exception is SVG-only, but the generator discarded the fixed source aspect: native draw.io retained it while portgeom stretched its ports. Desktop 31.4.4 confirms the resulting diagonal approach. Preserving the source aspect and native connection rectangle fixes the shared cause and clears all setup errors; direct anisotropic Q baking remains SVG-only.",
tests/test_symbol_invariants.py::test_signal_ports_stay_on_the_outline_at_any_box_shape[tank/conical],ERROR,passed,removed,svg_quadratic_fixture,yes,"All 492 errors share odd_box_sheets -> fs.to_svg -> _baked. That exception is SVG-only, but the generator discarded the fixed source aspect: native draw.io retained it while portgeom stretched its ports. Desktop 31.4.4 confirms the resulting diagonal approach. Preserving the source aspect and native connection rectangle fixes the shared cause and clears all setup errors; direct anisotropic Q baking remains SVG-only.",
tests/test_symbol_invariants.py::test_signal_ports_stay_on_the_outline_at_any_box_shape[tank/conical_bottom],ERROR,passed,removed,svg_quadratic_fixture,yes,"All 492 errors share odd_box_sheets -> fs.to_svg -> _baked. That exception is SVG-only, but the generator discarded the fixed source aspect: native draw.io retained it while portgeom stretched its ports. Desktop 31.4.4 confirms the resulting diagonal approach. Preserving the source aspect and native connection rectangle fixes the shared cause and clears all setup errors; direct anisotropic Q baking remains SVG-only.",
tests/test_symbol_invariants.py::test_signal_ports_stay_on_the_outline_at_any_box_shape[tank/conical_ends],ERROR,passed,removed,svg_quadratic_fixture,yes,"All 492 errors share odd_box_sheets -> fs.to_svg -> _baked. That exception is SVG-only, but the generator discarded the fixed source aspect: native draw.io retained it while portgeom stretched its ports. Desktop 31.4.4 confirms the resulting diagonal approach. Preserving the source aspect and native connection rectangle fixes the shared cause and clears all setup errors; direct anisotropic Q baking remains SVG-only.",
tests/test_symbol_invariants.py::test_signal_ports_stay_on_the_outline_at_any_box_shape[tank/default],ERROR,passed,removed,svg_quadratic_fixture,yes,"All 492 errors share odd_box_sheets -> fs.to_svg -> _baked. That exception is SVG-only, but the generator discarded the fixed source aspect: native draw.io retained it while portgeom stretched its ports. Desktop 31.4.4 confirms the resulting diagonal approach. Preserving the source aspect and native connection rectangle fixes the shared cause and clears all setup errors; direct anisotropic Q baking remains SVG-only.",
tests/test_symbol_invariants.py::test_signal_ports_stay_on_the_outline_at_any_box_shape[tank/dished_roof_conical_bottom],ERROR,passed,removed,svg_quadratic_fixture,yes,"All 492 errors share odd_box_sheets -> fs.to_svg -> _baked. That exception is SVG-only, but the generator discarded the fixed source aspect: native draw.io retained it while portgeom stretched its ports. Desktop 31.4.4 confirms the resulting diagonal approach. Preserving the source aspect and native connection rectangle fixes the shared cause and clears all setup errors; direct anisotropic Q baking remains SVG-only.",
tests/test_symbol_invariants.py::test_signal_ports_stay_on_the_outline_at_any_box_shape[tank/floating_roof],ERROR,passed,removed,svg_quadratic_fixture,yes,"All 492 errors share odd_box_sheets -> fs.to_svg -> _baked. That exception is SVG-only, but the generator discarded the fixed source aspect: native draw.io retained it while portgeom stretched its ports. Desktop 31.4.4 confirms the resulting diagonal approach. Preserving the source aspect and native connection rectangle fixes the shared cause and clears all setup errors; direct anisotropic Q baking remains SVG-only.",
tests/test_symbol_invariants.py::test_signal_ports_stay_on_the_outline_at_any_box_shape[tank/gas_holder],ERROR,passed,removed,svg_quadratic_fixture,yes,"All 492 errors share odd_box_sheets -> fs.to_svg -> _baked. That exception is SVG-only, but the generator discarded the fixed source aspect: native draw.io retained it while portgeom stretched its ports. Desktop 31.4.4 confirms the resulting diagonal approach. Preserving the source aspect and native connection rectangle fixes the shared cause and clears all setup errors; direct anisotropic Q baking remains SVG-only.",
tests/test_symbol_invariants.py::test_signal_ports_stay_on_the_outline_at_any_box_shape[tank/sphere],ERROR,passed,removed,svg_quadratic_fixture,yes,"All 492 errors share odd_box_sheets -> fs.to_svg -> _baked. That exception is SVG-only, but the generator discarded the fixed source aspect: native draw.io retained it while portgeom stretched its ports. Desktop 31.4.4 confirms the resulting diagonal approach. Preserving the source aspect and native connection rectangle fixes the shared cause and clears all setup errors; direct anisotropic Q baking remains SVG-only.",
tests/test_symbol_invariants.py::test_signal_ports_stay_on_the_outline_at_any_box_shape[tank/vertical],ERROR,passed,removed,svg_quadratic_fixture,yes,"All 492 errors share odd_box_sheets -> fs.to_svg -> _baked. That exception is SVG-only, but the generator discarded the fixed source aspect: native draw.io retained it while portgeom stretched its ports. Desktop 31.4.4 confirms the resulting diagonal approach. Preserving the source aspect and native connection rectangle fixes the shared cause and clears all setup errors; direct anisotropic Q baking remains SVG-only.",
tests/test_symbol_invariants.py::test_signal_ports_stay_on_the_outline_at_any_box_shape[tee/default],ERROR,passed,removed,svg_quadratic_fixture,yes,"All 492 errors share odd_box_sheets -> fs.to_svg -> _baked. That exception is SVG-only, but the generator discarded the fixed source aspect: native draw.io retained it while portgeom stretched its ports. Desktop 31.4.4 confirms the resulting diagonal approach. Preserving the source aspect and native connection rectangle fixes the shared cause and clears all setup errors; direct anisotropic Q baking remains SVG-only.",
tests/test_symbol_invariants.py::test_signal_ports_stay_on_the_outline_at_any_box_shape[thickener/default],ERROR,passed,removed,svg_quadratic_fixture,yes,"All 492 errors share odd_box_sheets -> fs.to_svg -> _baked. That exception is SVG-only, but the generator discarded the fixed source aspect: native draw.io retained it while portgeom stretched its ports. Desktop 31.4.4 confirms the resulting diagonal approach. Preserving the source aspect and native connection rectangle fixes the shared cause and clears all setup errors; direct anisotropic Q baking remains SVG-only.",
tests/test_symbol_invariants.py::test_signal_ports_stay_on_the_outline_at_any_box_shape[turbine/default],ERROR,passed,removed,svg_quadratic_fixture,yes,"All 492 errors share odd_box_sheets -> fs.to_svg -> _baked. That exception is SVG-only, but the generator discarded the fixed source aspect: native draw.io retained it while portgeom stretched its ports. Desktop 31.4.4 confirms the resulting diagonal approach. Preserving the source aspect and native connection rectangle fixes the shared cause and clears all setup errors; direct anisotropic Q baking remains SVG-only.",
tests/test_symbol_invariants.py::test_signal_ports_stay_on_the_outline_at_any_box_shape[valve/angle],ERROR,passed,removed,svg_quadratic_fixture,yes,"All 492 errors share odd_box_sheets -> fs.to_svg -> _baked. That exception is SVG-only, but the generator discarded the fixed source aspect: native draw.io retained it while portgeom stretched its ports. Desktop 31.4.4 confirms the resulting diagonal approach. Preserving the source aspect and native connection rectangle fixes the shared cause and clears all setup errors; direct anisotropic Q baking remains SVG-only.",
tests/test_symbol_invariants.py::test_signal_ports_stay_on_the_outline_at_any_box_shape[valve/ball],ERROR,passed,removed,svg_quadratic_fixture,yes,"All 492 errors share odd_box_sheets -> fs.to_svg -> _baked. That exception is SVG-only, but the generator discarded the fixed source aspect: native draw.io retained it while portgeom stretched its ports. Desktop 31.4.4 confirms the resulting diagonal approach. Preserving the source aspect and native connection rectangle fixes the shared cause and clears all setup errors; direct anisotropic Q baking remains SVG-only.",
tests/test_symbol_invariants.py::test_signal_ports_stay_on_the_outline_at_any_box_shape[valve/bleed],ERROR,passed,removed,svg_quadratic_fixture,yes,"All 492 errors share odd_box_sheets -> fs.to_svg -> _baked. That exception is SVG-only, but the generator discarded the fixed source aspect: native draw.io retained it while portgeom stretched its ports. Desktop 31.4.4 confirms the resulting diagonal approach. Preserving the source aspect and native connection rectangle fixes the shared cause and clears all setup errors; direct anisotropic Q baking remains SVG-only.",
tests/test_symbol_invariants.py::test_signal_ports_stay_on_the_outline_at_any_box_shape[valve/butterfly],ERROR,passed,removed,svg_quadratic_fixture,yes,"All 492 errors share odd_box_sheets -> fs.to_svg -> _baked. That exception is SVG-only, but the generator discarded the fixed source aspect: native draw.io retained it while portgeom stretched its ports. Desktop 31.4.4 confirms the resulting diagonal approach. Preserving the source aspect and native connection rectangle fixes the shared cause and clears all setup errors; direct anisotropic Q baking remains SVG-only.",
tests/test_symbol_invariants.py::test_signal_ports_stay_on_the_outline_at_any_box_shape[valve/butterfly_2],ERROR,passed,removed,svg_quadratic_fixture,yes,"All 492 errors share odd_box_sheets -> fs.to_svg -> _baked. That exception is SVG-only, but the generator discarded the fixed source aspect: native draw.io retained it while portgeom stretched its ports. Desktop 31.4.4 confirms the resulting diagonal approach. Preserving the source aspect and native connection rectangle fixes the shared cause and clears all setup errors; direct anisotropic Q baking remains SVG-only.",
tests/test_symbol_invariants.py::test_signal_ports_stay_on_the_outline_at_any_box_shape[valve/butterfly_pneumatic],ERROR,passed,removed,svg_quadratic_fixture,yes,"All 492 errors share odd_box_sheets -> fs.to_svg -> _baked. That exception is SVG-only, but the generator discarded the fixed source aspect: native draw.io retained it while portgeom stretched its ports. Desktop 31.4.4 confirms the resulting diagonal approach. Preserving the source aspect and native connection rectangle fixes the shared cause and clears all setup errors; direct anisotropic Q baking remains SVG-only.",
tests/test_symbol_invariants.py::test_signal_ports_stay_on_the_outline_at_any_box_shape[valve/check],ERROR,passed,removed,svg_quadratic_fixture,yes,"All 492 errors share odd_box_sheets -> fs.to_svg -> _baked. That exception is SVG-only, but the generator discarded the fixed source aspect: native draw.io retained it while portgeom stretched its ports. Desktop 31.4.4 confirms the resulting diagonal approach. Preserving the source aspect and native connection rectangle fixes the shared cause and clears all setup errors; direct anisotropic Q baking remains SVG-only.",
tests/test_symbol_invariants.py::test_signal_ports_stay_on_the_outline_at_any_box_shape[valve/check_2],ERROR,passed,removed,svg_quadratic_fixture,yes,"All 492 errors share odd_box_sheets -> fs.to_svg -> _baked. That exception is SVG-only, but the generator discarded the fixed source aspect: native draw.io retained it while portgeom stretched its ports. Desktop 31.4.4 confirms the resulting diagonal approach. Preserving the source aspect and native connection rectangle fixes the shared cause and clears all setup errors; direct anisotropic Q baking remains SVG-only.",
tests/test_symbol_invariants.py::test_signal_ports_stay_on_the_outline_at_any_box_shape[valve/control],ERROR,passed,removed,svg_quadratic_fixture,yes,"All 492 errors share odd_box_sheets -> fs.to_svg -> _baked. That exception is SVG-only, but the generator discarded the fixed source aspect: native draw.io retained it while portgeom stretched its ports. Desktop 31.4.4 confirms the resulting diagonal approach. Preserving the source aspect and native connection rectangle fixes the shared cause and clears all setup errors; direct anisotropic Q baking remains SVG-only.",
tests/test_symbol_invariants.py::test_signal_ports_stay_on_the_outline_at_any_box_shape[valve/default],ERROR,passed,removed,svg_quadratic_fixture,yes,"All 492 errors share odd_box_sheets -> fs.to_svg -> _baked. That exception is SVG-only, but the generator discarded the fixed source aspect: native draw.io retained it while portgeom stretched its ports. Desktop 31.4.4 confirms the resulting diagonal approach. Preserving the source aspect and native connection rectangle fixes the shared cause and clears all setup errors; direct anisotropic Q baking remains SVG-only.",
tests/test_symbol_invariants.py::test_signal_ports_stay_on_the_outline_at_any_box_shape[valve/gate],ERROR,passed,removed,svg_quadratic_fixture,yes,"All 492 errors share odd_box_sheets -> fs.to_svg -> _baked. That exception is SVG-only, but the generator discarded the fixed source aspect: native draw.io retained it while portgeom stretched its ports. Desktop 31.4.4 confirms the resulting diagonal approach. Preserving the source aspect and native connection rectangle fixes the shared cause and clears all setup errors; direct anisotropic Q baking remains SVG-only.",
tests/test_symbol_invariants.py::test_signal_ports_stay_on_the_outline_at_any_box_shape[valve/globe],ERROR,passed,removed,svg_quadratic_fixture,yes,"All 492 errors share odd_box_sheets -> fs.to_svg -> _baked. That exception is SVG-only, but the generator discarded the fixed source aspect: native draw.io retained it while portgeom stretched its ports. Desktop 31.4.4 confirms the resulting diagonal approach. Preserving the source aspect and native connection rectangle fixes the shared cause and clears all setup errors; direct anisotropic Q baking remains SVG-only.",
tests/test_symbol_invariants.py::test_signal_ports_stay_on_the_outline_at_any_box_shape[valve/hydraulic],ERROR,passed,removed,svg_quadratic_fixture,yes,"All 492 errors share odd_box_sheets -> fs.to_svg -> _baked. That exception is SVG-only, but the generator discarded the fixed source aspect: native draw.io retained it while portgeom stretched its ports. Desktop 31.4.4 confirms the resulting diagonal approach. Preserving the source aspect and native connection rectangle fixes the shared cause and clears all setup errors; direct anisotropic Q baking remains SVG-only.",
tests/test_symbol_invariants.py::test_signal_ports_stay_on_the_outline_at_any_box_shape[valve/knife],ERROR,passed,removed,svg_quadratic_fixture,yes,"All 492 errors share odd_box_sheets -> fs.to_svg -> _baked. That exception is SVG-only, but the generator discarded the fixed source aspect: native draw.io retained it while portgeom stretched its ports. Desktop 31.4.4 confirms the resulting diagonal approach. Preserving the source aspect and native connection rectangle fixes the shared cause and clears all setup errors; direct anisotropic Q baking remains SVG-only.",
tests/test_symbol_invariants.py::test_signal_ports_stay_on_the_outline_at_any_box_shape[valve/manual],ERROR,passed,removed,svg_quadratic_fixture,yes,"All 492 errors share odd_box_sheets -> fs.to_svg -> _baked. That exception is SVG-only, but the generator discarded the fixed source aspect: native draw.io retained it while portgeom stretched its ports. Desktop 31.4.4 confirms the resulting diagonal approach. Preserving the source aspect and native connection rectangle fixes the shared cause and clears all setup errors; direct anisotropic Q baking remains SVG-only.",
tests/test_symbol_invariants.py::test_signal_ports_stay_on_the_outline_at_any_box_shape[valve/motor],ERROR,passed,removed,svg_quadratic_fixture,yes,"All 492 errors share odd_box_sheets -> fs.to_svg -> _baked. That exception is SVG-only, but the generator discarded the fixed source aspect: native draw.io retained it while portgeom stretched its ports. Desktop 31.4.4 confirms the resulting diagonal approach. Preserving the source aspect and native connection rectangle fixes the shared cause and clears all setup errors; direct anisotropic Q baking remains SVG-only.",
tests/test_symbol_invariants.py::test_signal_ports_stay_on_the_outline_at_any_box_shape[valve/needle],ERROR,passed,removed,svg_quadratic_fixture,yes,"All 492 errors share odd_box_sheets -> fs.to_svg -> _baked. That exception is SVG-only, but the generator discarded the fixed source aspect: native draw.io retained it while portgeom stretched its ports. Desktop 31.4.4 confirms the resulting diagonal approach. Preserving the source aspect and native connection rectangle fixes the shared cause and clears all setup errors; direct anisotropic Q baking remains SVG-only.",
tests/test_symbol_invariants.py::test_signal_ports_stay_on_the_outline_at_any_box_shape[valve/pinch],ERROR,passed,removed,svg_quadratic_fixture,yes,"All 492 errors share odd_box_sheets -> fs.to_svg -> _baked. That exception is SVG-only, but the generator discarded the fixed source aspect: native draw.io retained it while portgeom stretched its ports. Desktop 31.4.4 confirms the resulting diagonal approach. Preserving the source aspect and native connection rectangle fixes the shared cause and clears all setup errors; direct anisotropic Q baking remains SVG-only.",
tests/test_symbol_invariants.py::test_signal_ports_stay_on_the_outline_at_any_box_shape[valve/plug],ERROR,passed,removed,svg_quadratic_fixture,yes,"All 492 errors share odd_box_sheets -> fs.to_svg -> _baked. That exception is SVG-only, but the generator discarded the fixed source aspect: native draw.io retained it while portgeom stretched its ports. Desktop 31.4.4 confirms the resulting diagonal approach. Preserving the source aspect and native connection rectangle fixes the shared cause and clears all setup errors; direct anisotropic Q baking remains SVG-only.",
tests/test_symbol_invariants.py::test_signal_ports_stay_on_the_outline_at_any_box_shape[valve/psv],ERROR,passed,removed,svg_quadratic_fixture,yes,"All 492 errors share odd_box_sheets -> fs.to_svg -> _baked. That exception is SVG-only, but the generator discarded the fixed source aspect: native draw.io retained it while portgeom stretched its ports. Desktop 31.4.4 confirms the resulting diagonal approach. Preserving the source aspect and native connection rectangle fixes the shared cause and clears all setup errors; direct anisotropic Q baking remains SVG-only.",
tests/test_symbol_invariants.py::test_signal_ports_stay_on_the_outline_at_any_box_shape[valve/regulator],ERROR,passed,removed,svg_quadratic_fixture,yes,"All 492 errors share odd_box_sheets -> fs.to_svg -> _baked. That exception is SVG-only, but the generator discarded the fixed source aspect: native draw.io retained it while portgeom stretched its ports. Desktop 31.4.4 confirms the resulting diagonal approach. Preserving the source aspect and native connection rectangle fixes the shared cause and clears all setup errors; direct anisotropic Q baking remains SVG-only.",
tests/test_symbol_invariants.py::test_signal_ports_stay_on_the_outline_at_any_box_shape[valve/relief],ERROR,passed,removed,svg_quadratic_fixture,yes,"All 492 errors share odd_box_sheets -> fs.to_svg -> _baked. That exception is SVG-only, but the generator discarded the fixed source aspect: native draw.io retained it while portgeom stretched its ports. Desktop 31.4.4 confirms the resulting diagonal approach. Preserving the source aspect and native connection rectangle fixes the shared cause and clears all setup errors; direct anisotropic Q baking remains SVG-only.",
tests/test_symbol_invariants.py::test_signal_ports_stay_on_the_outline_at_any_box_shape[valve/saunders],ERROR,passed,removed,svg_quadratic_fixture,yes,"All 492 errors share odd_box_sheets -> fs.to_svg -> _baked. That exception is SVG-only, but the generator discarded the fixed source aspect: native draw.io retained it while portgeom stretched its ports. Desktop 31.4.4 confirms the resulting diagonal approach. Preserving the source aspect and native connection rectangle fixes the shared cause and clears all setup errors; direct anisotropic Q baking remains SVG-only.",
tests/test_symbol_invariants.py::test_signal_ports_stay_on_the_outline_at_any_box_shape[valve/solenoid],ERROR,passed,removed,svg_quadratic_fixture,yes,"All 492 errors share odd_box_sheets -> fs.to_svg -> _baked. That exception is SVG-only, but the generator discarded the fixed source aspect: native draw.io retained it while portgeom stretched its ports. Desktop 31.4.4 confirms the resulting diagonal approach. Preserving the source aspect and native connection rectangle fixes the shared cause and clears all setup errors; direct anisotropic Q baking remains SVG-only.",
tests/test_symbol_invariants.py::test_signal_ports_stay_on_the_outline_at_any_box_shape[valve/three_way],ERROR,passed,removed,svg_quadratic_fixture,yes,"All 492 errors share odd_box_sheets -> fs.to_svg -> _baked. That exception is SVG-only, but the generator discarded the fixed source aspect: native draw.io retained it while portgeom stretched its ports. Desktop 31.4.4 confirms the resulting diagonal approach. Preserving the source aspect and native connection rectangle fixes the shared cause and clears all setup errors; direct anisotropic Q baking remains SVG-only.",
tests/test_symbol_invariants.py::test_signal_ports_stay_on_the_outline_at_any_box_shape[vent/breather],ERROR,passed,removed,svg_quadratic_fixture,yes,"All 492 errors share odd_box_sheets -> fs.to_svg -> _baked. That exception is SVG-only, but the generator discarded the fixed source aspect: native draw.io retained it while portgeom stretched its ports. Desktop 31.4.4 confirms the resulting diagonal approach. Preserving the source aspect and native connection rectangle fixes the shared cause and clears all setup errors; direct anisotropic Q baking remains SVG-only.",
tests/test_symbol_invariants.py::test_signal_ports_stay_on_the_outline_at_any_box_shape[vent/default],ERROR,passed,removed,svg_quadratic_fixture,yes,"All 492 errors share odd_box_sheets -> fs.to_svg -> _baked. That exception is SVG-only, but the generator discarded the fixed source aspect: native draw.io retained it while portgeom stretched its ports. Desktop 31.4.4 confirms the resulting diagonal approach. Preserving the source aspect and native connection rectangle fixes the shared cause and clears all setup errors; direct anisotropic Q baking remains SVG-only.",
tests/test_symbol_invariants.py::test_signal_ports_stay_on_the_outline_at_any_box_shape[vent/exhaust_head],ERROR,passed,removed,svg_quadratic_fixture,yes,"All 492 errors share odd_box_sheets -> fs.to_svg -> _baked. That exception is SVG-only, but the generator discarded the fixed source aspect: native draw.io retained it while portgeom stretched its ports. Desktop 31.4.4 confirms the resulting diagonal approach. Preserving the source aspect and native connection rectangle fixes the shared cause and clears all setup errors; direct anisotropic Q baking remains SVG-only.",
tests/test_symbol_invariants.py::test_signal_ports_stay_on_the_outline_at_any_box_shape[vessel/default],ERROR,passed,removed,svg_quadratic_fixture,yes,"All 492 errors share odd_box_sheets -> fs.to_svg -> _baked. That exception is SVG-only, but the generator discarded the fixed source aspect: native draw.io retained it while portgeom stretched its ports. Desktop 31.4.4 confirms the resulting diagonal approach. Preserving the source aspect and native connection rectangle fixes the shared cause and clears all setup errors; direct anisotropic Q baking remains SVG-only.",
tests/test_symbol_invariants.py::test_signal_ports_stay_on_the_outline_at_any_box_shape[vessel/dished],ERROR,passed,removed,svg_quadratic_fixture,yes,"All 492 errors share odd_box_sheets -> fs.to_svg -> _baked. That exception is SVG-only, but the generator discarded the fixed source aspect: native draw.io retained it while portgeom stretched its ports. Desktop 31.4.4 confirms the resulting diagonal approach. Preserving the source aspect and native connection rectangle fixes the shared cause and clears all setup errors; direct anisotropic Q baking remains SVG-only.",
tests/test_symbol_invariants.py::test_signal_ports_stay_on_the_outline_at_any_box_shape[vessel/dome],ERROR,passed,removed,svg_quadratic_fixture,yes,"All 492 errors share odd_box_sheets -> fs.to_svg -> _baked. That exception is SVG-only, but the generator discarded the fixed source aspect: native draw.io retained it while portgeom stretched its ports. Desktop 31.4.4 confirms the resulting diagonal approach. Preserving the source aspect and native connection rectangle fixes the shared cause and clears all setup errors; direct anisotropic Q baking remains SVG-only.",
tests/test_symbol_invariants.py::test_signal_ports_stay_on_the_outline_at_any_box_shape[vessel/electrical_heating],ERROR,passed,removed,svg_quadratic_fixture,yes,"All 492 errors share odd_box_sheets -> fs.to_svg -> _baked. That exception is SVG-only, but the generator discarded the fixed source aspect: native draw.io retained it while portgeom stretched its ports. Desktop 31.4.4 confirms the resulting diagonal approach. Preserving the source aspect and native connection rectangle fixes the shared cause and clears all setup errors; direct anisotropic Q baking remains SVG-only.",
tests/test_symbol_invariants.py::test_signal_ports_stay_on_the_outline_at_any_box_shape[vessel/horizontal],ERROR,passed,removed,svg_quadratic_fixture,yes,"All 492 errors share odd_box_sheets -> fs.to_svg -> _baked. That exception is SVG-only, but the generator discarded the fixed source aspect: native draw.io retained it while portgeom stretched its ports. Desktop 31.4.4 confirms the resulting diagonal approach. Preserving the source aspect and native connection rectangle fixes the shared cause and clears all setup errors; direct anisotropic Q baking remains SVG-only.",
tests/test_symbol_invariants.py::test_signal_ports_stay_on_the_outline_at_any_box_shape[vessel/insulated],ERROR,passed,removed,svg_quadratic_fixture,yes,"All 492 errors share odd_box_sheets -> fs.to_svg -> _baked. That exception is SVG-only, but the generator discarded the fixed source aspect: native draw.io retained it while portgeom stretched its ports. Desktop 31.4.4 confirms the resulting diagonal approach. Preserving the source aspect and native connection rectangle fixes the shared cause and clears all setup errors; direct anisotropic Q baking remains SVG-only.",
tests/test_symbol_invariants.py::test_signal_ports_stay_on_the_outline_at_any_box_shape[vessel/jacketed],ERROR,passed,removed,svg_quadratic_fixture,yes,"All 492 errors share odd_box_sheets -> fs.to_svg -> _baked. That exception is SVG-only, but the generator discarded the fixed source aspect: native draw.io retained it while portgeom stretched its ports. Desktop 31.4.4 confirms the resulting diagonal approach. Preserving the source aspect and native connection rectangle fixes the shared cause and clears all setup errors; direct anisotropic Q baking remains SVG-only.",
tests/test_symbol_invariants.py::test_signal_ports_stay_on_the_outline_at_any_box_shape[vessel/legs],ERROR,passed,removed,svg_quadratic_fixture,yes,"All 492 errors share odd_box_sheets -> fs.to_svg -> _baked. That exception is SVG-only, but the generator discarded the fixed source aspect: native draw.io retained it while portgeom stretched its ports. Desktop 31.4.4 confirms the resulting diagonal approach. Preserving the source aspect and native connection rectangle fixes the shared cause and clears all setup errors; direct anisotropic Q baking remains SVG-only.",
tests/test_symbol_invariants.py::test_signal_ports_stay_on_the_outline_at_any_box_shape[vessel/skirted],ERROR,passed,removed,svg_quadratic_fixture,yes,"All 492 errors share odd_box_sheets -> fs.to_svg -> _baked. That exception is SVG-only, but the generator discarded the fixed source aspect: native draw.io retained it while portgeom stretched its ports. Desktop 31.4.4 confirms the resulting diagonal approach. Preserving the source aspect and native connection rectangle fixes the shared cause and clears all setup errors; direct anisotropic Q baking remains SVG-only.",
tests/test_symbol_invariants.py::test_signal_ports_stay_on_the_outline_at_any_box_shape[vessel/swaged],ERROR,passed,removed,svg_quadratic_fixture,yes,"All 492 errors share odd_box_sheets -> fs.to_svg -> _baked. That exception is SVG-only, but the generator discarded the fixed source aspect: native draw.io retained it while portgeom stretched its ports. Desktop 31.4.4 confirms the resulting diagonal approach. Preserving the source aspect and native connection rectangle fixes the shared cause and clears all setup errors; direct anisotropic Q baking remains SVG-only.",
tests/test_placement.py::test_an_entry_that_restates_a_fixed_face_says_what_the_artwork_says,FAILED,passed,removed,tank_nozzles_bands,yes,"Tank(concrete/vertical) exposes vent, relief and drain, but missing artwork anchors fall back to the centre. The same registry and portgeom supply native edge constraints and family placement.",
tests/test_symbol_invariants.py::test_a_relief_is_on_the_crown_and_a_drain_at_the_low_point[tank/concrete],FAILED,passed,removed,tank_nozzles_bands,yes,"Tank(concrete/vertical) exposes vent, relief and drain, but missing artwork anchors fall back to the centre. The same registry and portgeom supply native edge constraints and family placement.",
tests/test_symbol_invariants.py::test_a_relief_is_on_the_crown_and_a_drain_at_the_low_point[tank/vertical],FAILED,passed,removed,tank_nozzles_bands,yes,"Tank(concrete/vertical) exposes vent, relief and drain, but missing artwork anchors fall back to the centre. The same registry and portgeom supply native edge constraints and family placement.",
tests/test_symbol_invariants.py::test_every_family_face_declares_a_band[tank/concrete],FAILED,passed,removed,tank_nozzles_bands,yes,"Tank(concrete/vertical) exposes vent, relief and drain, but missing artwork anchors fall back to the centre. The same registry and portgeom supply native edge constraints and family placement.",
tests/test_symbol_invariants.py::test_every_family_face_declares_a_band[tank/vertical],FAILED,passed,removed,tank_nozzles_bands,yes,"Tank(concrete/vertical) exposes vent, relief and drain, but missing artwork anchors fall back to the centre. The same registry and portgeom supply native edge constraints and family placement.",
tests/test_symbol_invariants.py::test_every_holdup_variant_anchors_every_nozzle_its_class_declares[tank/concrete],FAILED,passed,removed,tank_nozzles_bands,yes,"Tank(concrete/vertical) exposes vent, relief and drain, but missing artwork anchors fall back to the centre. The same registry and portgeom supply native edge constraints and family placement.",
tests/test_symbol_invariants.py::test_every_holdup_variant_anchors_every_nozzle_its_class_declares[tank/vertical],FAILED,passed,removed,tank_nozzles_bands,yes,"Tank(concrete/vertical) exposes vent, relief and drain, but missing artwork anchors fall back to the centre. The same registry and portgeom supply native edge constraints and family placement.",
tests/test_symbol_invariants.py::test_variants_lists_a_kinds_catalogue_default_first,FAILED,failed,retained,tank_variant_inventory,no,Registry.variants correctly lists the two supported additions after default. Removing valid variants to match the old literal would be a regression.,
tests/test_symbol_invariants.py::test_every_vendored_kind_is_named_in_the_module_docstring,FAILED,failed,retained,vendored_source_inventory,no,The assertion fails in its own _VENDORED_SOURCE_WORDS mapping before checking the docstring. Runtime liquid-screen registration and native stencil resolution work.,
